花桥松板·秩序的余数|浮叶镇花桥雨后松了一块板，送药车和放学的孩子都在桥头。在“花桥松板”映出的裂隙中，小镇赖以维系的秩序在此显出裂口，便利从来不是平均落在每个人身上。当倒影被命名为“花桥松板”，各方都握有足以自辩的理由，真正留下的只是决定者愿不愿亲自承担损失。|体>精:先护孩子步行过桥，药车稍候。我看破了这一层：伤痛不会因目标正确便失去重量，具体生命必须先被接住；我接受关系会留下裂痕。|精>力:我接受放下强行定夺的权力。我仍选择请两边协商先后，不催桥工硬撑，因为沉默不等于同意，让当事人保有声音才使善意不至于越界。|力>智:先把松板钉牢，暂停通行。我看破了这一层：伤害若不被明确拒绝，退让便会成为下一次伤害的许可；我接受理性暂时得不到整齐答案。|智>敏:我接受错过最快的时机。我仍选择测明承重后再放行，让众人淋一会雨，因为未经核实的确信只会让错误披上正义外衣，事实必须先于结论。|敏>感:引药车走窄侧道，不再检查桥板。我看破了这一层：完美方案若永远停在准备中，便只是逃避行动的体面名字；我接受某些细节会留在暗处。|感>体:我接受生存保障暂时后退。我仍选择先找出所有裂板，暂不回应催促，因为真相常藏在不合常理的小处，细微异常也可能保存完整证词。
云莓摊误秤·善意的边界|百纳镇集市的云莓摊把石砝码认错，刚卖出的十袋果子都少了分量。摊主还没发现。“云莓摊误秤”没有留下裁决，只让这一事实显露出来：看似寻常的安排把共同生活的根基暴露出来，规则会保护一些人，也会把另一些人留在门外。透过“云莓摊误秤”，片段把被忽略之物推到眼前：承诺与新知发生冲突后，忠诚不再是服从，而是敢于重新审视最初的誓言。|体>敏:伤痛不会因目标正确便失去重量，具体生命必须先被接住。因此我选择先拦下吃不饱的搬运工，当面补足果子；我接受行动不得不慢下来。|精>感:面对这段倒影，我选择私下告知摊主，给他自行认错的机会。沉默不等于同意，让当事人保有声音才使善意不至于越界；我接受直觉仍在发出相反提醒。|力>体:伤害若不被明确拒绝，退让便会成为下一次伤害的许可。因此我选择立即要求停摊复秤，耽误后面交易；我接受眼前安稳不再优先。|智>精:面对这段倒影，我选择列出十袋差额交给公会，暂不争吵。未经核实的确信只会让错误披上正义外衣，事实必须先于结论；我接受和解不会立刻到来。|敏>力:时机本身就是因果，迟到的正确无法挽回已经发生的损失。因此我选择追上买主逐袋补偿，不先查错秤来源；我接受边界不能立刻建立。|感>智:面对这段倒影，我选择核对砝码刻度与秤梁，暂缓分果。真相常藏在不合常理的小处，细微异常也可能保存完整证词；我接受因果尚未完全查清。
夜班炉火·无人签名的代价|公会夜班的取暖炉快熄了，守门人困得站不稳，值夜学徒还想继续读卷宗。日复一日的惯例忽然要求一个具体的人承担代价，习惯因此不再等同于正当；这正是“夜班炉火”无法替任何人抹去的部分。照料身体、守住关系、执行意志、辨明因果、抓住时机与洞察隐情无法同时圆满；自“夜班炉火”发生以后，沉默也带有了方向。|体>力:我会添炭让守门人休息，卷宗明早再看。这份选择承认，伤痛不会因目标正确便失去重量，具体生命必须先被接住；我接受边界不能立刻建立。|精>智:我无愧于陪学徒分担夜班，放慢交接这一选择。关系不是结果之后的装饰，被理解本身就是不可替代的需要；我接受因果尚未完全查清。|力>敏:我会直接停炉封门，要求所有人回屋。这份选择承认，伤害若不被明确拒绝，退让便会成为下一次伤害的许可；我接受行动不得不慢下来。|智>感:我无愧于先查烟道为何回烟，忍受一阵寒冷这一选择。未经核实的确信只会让错误披上正义外衣，事实必须先于结论；我接受直觉仍在发出相反提醒。|敏>体:我会把人转去隔壁暖房，不动旧炉。这份选择承认，旧路已经制造眼前困局，改变方向才能为未来保留新的出口；我接受眼前安稳不再优先。|感>精:我无愧于检查一氧气味与通风口，推迟决策这一选择。真相常藏在不合常理的小处，细微异常也可能保存完整证词；我接受和解不会立刻到来。
井边排队·被多数遗忘的人|浮叶镇公井一天只剩半桶净水，猎户带着受伤的契兽，面包师还等水和面。“井边排队”让旁观者无从退回无知，因为众人熟悉的生活仍在继续，但被忽略的损失已经证明安稳也可能建立在沉默之上。“井边排队”最终保存的不是答案，而是这项无法回避的事实：规则能够保持一致，却无法保证每个被规则触及的人都受到公正对待。|体>感:我接受仍有隐情未被辨明。我仍选择先给伤兽清洗伤口，不算产出，因为伤痛不会因目标正确便失去重量，具体生命必须先被接住。|精>体:让两人各说需求后自愿分水。我看破了这一层：沉默不等于同意，让当事人保有声音才使善意不至于越界；我接受身体与资源要承受额外压力。|力>精:我接受这份决定无法让所有人心安。我仍选择先给面包师开工，确保全镇有面包，因为无法两全时仍须有人署名定夺，责任不能被推给更弱者。|智>力:估算两边最低用量再分，暂不放水。我看破了这一层：未经核实的确信只会让错误披上正义外衣，事实必须先于结论；我接受暂不以强力终结争执。|敏>智:我接受这未必是计算中的最优解。我仍选择先去邻街搬水，放弃井边核验，因为完美方案若永远停在准备中，便只是逃避行动的体面名字。|感>敏:先验井水是否仍安全，拖延取水。我看破了这一层：表面的安静不能证明没有伤害，未被看见的后果仍会找到承担者；我接受变通空间随之缩小。
风帆集市避雨·真相应付的账|暴雨吹断风帆集市的棚绳，三户摊位货物要湿，路人正从棚下经过。面对快塌的棚架，一名冒险者。在名为“风帆集市避雨”的记忆里，城镇没有因此停摆，真正动摇的是人们能否承认自身安宁由谁负重。恐惧提醒人保存自己，也会诱使人把陌生者先写成危险；“风帆集市避雨”使这层代价再也无法藏回惯例之中。|体>智:面对这段倒影，我选择叫路人先离棚，不抢救货物。脆弱不是被排到最后的理由，保护生命正是责任最先抵达之处；我接受这未必是计算中的最优解。|精>敏:共同承担不是把代价摊薄，而是不让最沉默的人独自负重。因此我选择请摊主互相帮忙，暂不各自逃货；我接受变通空间随之缩小。|力>感:面对这段倒影，我选择让人拉住主绳，先稳住棚架。力量的正当不由胜负证明，而由它愿意在哪里停止证明；我接受仍有隐情未被辨明。|智>体:未经核实的确信只会让错误披上正义外衣，事实必须先于结论。因此我选择要求确认受力点再拉绳，让人多淋片刻；我接受身体与资源要承受额外压力。|敏>精:面对这段倒影，我选择带人绕到巷口，先不评估棚架。旧路已经制造眼前困局，改变方向才能为未来保留新的出口；我接受这份决定无法让所有人心安。|感>力:表面的安静不能证明没有伤害，未被看见的后果仍会找到承担者。因此我选择指出快断的第二根绳，顾不上安抚；我接受暂不以强力终结争执。
驿亭多一床·自由留下的伤口|草原驿亭只剩一张干床，淋雨的邮差和高烧的陌生旅人同时到达。在“驿亭多一床”映出的裂隙中，小镇赖以维系的秩序在此显出裂口，便利从来不是平均落在每个人身上。当倒影被命名为“驿亭多一床”，各方都握有足以自辩的理由，真正留下的只是决定者愿不愿亲自承担损失。|体>精:我无愧于让高烧者上床，邮差延迟上路这一选择。伤痛不会因目标正确便失去重量，具体生命必须先被接住；我接受这份决定无法让所有人心安。|精>力:我会征询邮差能否让床，暂不核身份。这份选择承认，沉默不等于同意，让当事人保有声音才使善意不至于越界；我接受暂不以强力终结争执。|力>智:我无愧于直接把床腾给病人，不等讨论这一选择。无法两全时仍须有人署名定夺，责任不能被推给更弱者；我接受这未必是计算中的最优解。|智>敏:我会先测体温与病情，再决定，双方稍等。这份选择承认，未经核实的确信只会让错误披上正义外衣，事实必须先于结论；我接受变通空间随之缩小。|敏>感:我无愧于给邮差找干草垫让出床，不强求店主这一选择。完美方案若永远停在准备中，便只是逃避行动的体面名字；我接受仍有隐情未被辨明。|感>体:我会观察旅人是否真发烧，先不定床。这份选择承认，真相常藏在不合常理的小处，细微异常也可能保存完整证词；我接受身体与资源要承受额外压力。
修鞋匠的旧靴·职责之外|修鞋匠发现一双送修旧靴夹着失踪冒险者的地图，委托人只说要换鞋底。“修鞋匠的旧靴”没有留下裁决，只让这一事实显露出来：看似寻常的安排把共同生活的根基暴露出来，规则会保护一些人，也会把另一些人留在门外。透过“修鞋匠的旧靴”，片段把被忽略之物推到眼前：承诺与新知发生冲突后，忠诚不再是服从，而是敢于重新审视最初的誓言。|体>敏:先按地图标记找可能受困的人，不查来源。我看破了这一层：所有宏大目标最终都要由会疲惫、会受伤的身体承担；我接受错过最快的时机。|精>感:我接受某些细节会留在暗处。我仍选择先问委托人是否愿意解释，不扣靴子，因为沉默不等于同意，让当事人保有声音才使善意不至于越界。|力>体:暂扣靴子并报公会，放弃私下信任。我看破了这一层：无法两全时仍须有人署名定夺，责任不能被推给更弱者；我接受生存保障暂时后退。|智>精:我接受关系会留下裂痕。我仍选择抄下路线交调查员，不急着出发，因为未经核实的确信只会让错误披上正义外衣，事实必须先于结论。|敏>力:让信使立即送图，暂不解读。我看破了这一层：时机本身就是因果，迟到的正确无法挽回已经发生的损失；我接受放下强行定夺的权力。|感>智:我接受理性暂时得不到整齐答案。我仍选择核对笔迹和靴底泥土，再判断是否报警，因为身份标签最容易抹去一个人的其余部分，细节必须替他保留证词。
屋顶的药草·胜利之后|药铺屋顶晾的救命草药被风卷向街口，下面正有孩子追一只小猫。药草与孩子都在风口。日复一日的惯例忽然要求一个具体的人承担代价，习惯因此不再等同于正当；这正是“屋顶的药草”无法替任何人抹去的部分。照料身体、守住关系、执行意志、辨明因果、抓住时机与洞察隐情无法同时圆满；自“屋顶的药草”发生以后，沉默也带有了方向。|体>力:伤痛不会因目标正确便失去重量，具体生命必须先被接住。因此我选择护住孩子不让攀梯，草药可能散失；我接受放下强行定夺的权力。|精>智:面对这段倒影，我选择请邻居照看孩子，再温和拦住猫。共同承担不是把代价摊薄，而是不让最沉默的人独自负重；我接受理性暂时得不到整齐答案。|力>敏:无法两全时仍须有人署名定夺，责任不能被推给更弱者。因此我选择压住晾架，暂不找每片草药；我接受错过最快的时机。|智>感:面对这段倒影，我选择算好风向铺网，孩子暂由旁人看。未经核实的确信只会让错误披上正义外衣，事实必须先于结论；我接受某些细节会留在暗处。|敏>体:时机本身就是因果，迟到的正确无法挽回已经发生的损失。因此我选择迅速下街接住草药，不先布网；我接受生存保障暂时后退。|感>精:面对这段倒影，我选择注意到梯脚裂了，先示警不安抚药师。表面的安静不能证明没有伤害，未被看见的后果仍会找到承担者；我接受关系会留下裂痕。
热栗子找零·沉默的共谋|小贩把铜币多找给了一名冒险者，后面有赶车的队伍催促。“热栗子找零”让旁观者无从退回无知，因为众人熟悉的生活仍在继续，但被忽略的损失已经证明安稳也可能建立在沉默之上。“热栗子找零”最终保存的不是答案，而是这项无法回避的事实：规则能够保持一致，却无法保证每个被规则触及的人都受到公正对待。|体>感:我会停下让小贩重算，耽误赶车。这份选择承认，所有宏大目标最终都要由会疲惫、会受伤的身体承担；我接受直觉仍在发出相反提醒。|精>体:我无愧于轻声退回多的钱，不当众指责这一选择。共同承担不是把代价摊薄，而是不让最沉默的人独自负重；我接受眼前安稳不再优先。|力>精:我会大声拦住摊位查账，让误差立刻纠正。这份选择承认，无法两全时仍须有人署名定夺，责任不能被推给更弱者；我接受和解不会立刻到来。|智>力:我无愧于对照单价算清差额再退币这一选择。未经核实的确信只会让错误披上正义外衣，事实必须先于结论；我接受边界不能立刻建立。|敏>智:我会边追车边把币交回，来不及查账。这份选择承认，时机本身就是因果，迟到的正确无法挽回已经发生的损失；我接受因果尚未完全查清。|感>敏:我无愧于指给小贩看错放的币格，不强迫停摊这一选择。真相常藏在不合常理的小处，细微异常也可能保存完整证词；我接受行动不得不慢下来。
木桶漏水·无法平分的正义|公会厨房的新水桶一路滴水，晚餐备菜快赶不上。在名为“木桶漏水”的记忆里，城镇没有因此停摆，真正动摇的是人们能否承认自身安宁由谁负重。恐惧提醒人保存自己，也会诱使人把陌生者先写成危险；“木桶漏水”使这层代价再也无法藏回惯例之中。|体>智:我接受因果尚未完全查清。我仍选择先把剩水送到灶边，让厨工继续做饭，因为伤痛不会因目标正确便失去重量，具体生命必须先被接住。|精>敏:请隔壁食堂借桶，保住两边关系。我看破了这一层：共同承担不是把代价摊薄，而是不让最沉默的人独自负重；我接受行动不得不慢下来。|力>感:我接受直觉仍在发出相反提醒。我仍选择当场箍紧桶圈，暂不找漏点，因为无法两全时仍须有人署名定夺，责任不能被推给更弱者。|智>体:找出木纹涨缩原因，晚餐延后。我看破了这一层：眼前有效不等于长久正确，未被计算的后果终会从未来回来索债；我接受眼前安稳不再优先。|敏>精:我接受和解不会立刻到来。我仍选择跑回井边换桶，不背这桶余水，因为时机本身就是因果，迟到的正确无法挽回已经发生的损失。|感>力:沿水迹确认裂口，先不回应催菜。我看破了这一层：表面的安静不能证明没有伤害，未被看见的后果仍会找到承担者；我接受边界不能立刻建立。
错写的门牌·记忆的所有权|送信人照着新门牌把退伍军人的抚恤信投进陌生人家，那家人已经拆开。在“错写的门牌”映出的裂隙中，小镇赖以维系的秩序在此显出裂口，便利从来不是平均落在每个人身上。当倒影被命名为“错写的门牌”，各方都握有足以自辩的理由，真正留下的只是决定者愿不愿亲自承担损失。|体>精:面对这段倒影，我选择先找到等钱看病的收信人，不追究拆信。伤痛不会因目标正确便失去重量，具体生命必须先被接住；我接受和解不会立刻到来。|精>力:沉默不等于同意，让当事人保有声音才使善意不至于越界。因此我选择先请拆信人说明并道歉，不当场处罚；我接受边界不能立刻建立。|力>智:面对这段倒影，我选择先要求邮局封存错信，防止继续外传。伤害若不被明确拒绝，退让便会成为下一次伤害的许可；我接受因果尚未完全查清。|智>敏:未经核实的确信只会让错误披上正义外衣，事实必须先于结论。因此我选择查门牌改动记录，暂缓送达；我接受行动不得不慢下来。|敏>感:面对这段倒影，我选择赶在信件被转送前追到投错处。时机本身就是因果，迟到的正确无法挽回已经发生的损失；我接受直觉仍在发出相反提醒。|感>体:真相常藏在不合常理的小处，细微异常也可能保存完整证词。因此我选择核对信封旧地址和封蜡，先不奔走；我接受眼前安稳不再优先。
药汤太苦·活下来的重量|医馆给孩子开的药汤确有效，孩子每次喝下都会呕吐，母亲请求加糖却被药师拒绝。“药汤太苦”没有留下裁决，只让这一事实显露出来：看似寻常的安排把共同生活的根基暴露出来，规则会保护一些人，也会把另一些人留在门外。透过“药汤太苦”，片段把被忽略之物推到眼前：承诺与新知发生冲突后，忠诚不再是服从，而是敢于重新审视最初的誓言。|体>敏:我无愧于先少量分次喂，暂不改配方这一选择。所有宏大目标最终都要由会疲惫、会受伤的身体承担；我接受变通空间随之缩小。|精>感:我会让药师听孩子讲难受，不硬灌。这份选择承认，共同承担不是把代价摊薄，而是不让最沉默的人独自负重；我接受仍有隐情未被辨明。|力>体:我无愧于停掉这一锅，要求重煎这一选择。伤害若不被明确拒绝，退让便会成为下一次伤害的许可；我接受身体与资源要承受额外压力。|智>精:我会查糖是否影响药性，让治疗稍缓。这份选择承认，未经核实的确信只会让错误披上正义外衣，事实必须先于结论；我接受这份决定无法让所有人心安。|敏>力:我无愧于去别家寻可入口药剂，不先测原药这一选择。完美方案若永远停在准备中，便只是逃避行动的体面名字；我接受暂不以强力终结争执。|感>智:我会记下呕吐时点与剂量，再定是否加糖。这份选择承认，表面的安静不能证明没有伤害，未被看见的后果仍会找到承担者；我接受这未必是计算中的最优解。
茶馆占座·承诺的背面|茶馆客人替迟到朋友占了最后一张桌，外地一家人抱着婴儿无处坐。日复一日的惯例忽然要求一个具体的人承担代价，习惯因此不再等同于正当；这正是“茶馆占座”无法替任何人抹去的部分。照料身体、守住关系、执行意志、辨明因果、抓住时机与洞察隐情无法同时圆满；自“茶馆占座”发生以后，沉默也带有了方向。|体>力:先给抱婴儿的人坐，得罪占座客。我看破了这一层：所有宏大目标最终都要由会疲惫、会受伤的身体承担；我接受暂不以强力终结争执。|精>智:我接受这未必是计算中的最优解。我仍选择请占座客主动让出半桌，不强赶，因为共同承担不是把代价摊薄，而是不让最沉默的人独自负重。|力>敏:按先到店者入座规矩立即处理。我看破了这一层：无法两全时仍须有人署名定夺，责任不能被推给更弱者；我接受变通空间随之缩小。|智>感:我接受仍有隐情未被辨明。我仍选择核算等候时长，公开排队顺序，因为未经核实的确信只会让错误披上正义外衣，事实必须先于结论。|敏>体:搬一张折叠小桌，不追问谁先来。我看破了这一层：时机本身就是因果，迟到的正确无法挽回已经发生的损失；我接受身体与资源要承受额外压力。|感>精:我接受这份决定无法让所有人心安。我仍选择确认朋友是否真在路上，再决定，因为表面的安静不能证明没有伤害，未被看见的后果仍会找到承担者。
屋檐下的异族·看见而不占有|百纳镇暴雨时，一名有角商人被拒进公会门廊，守卫说货箱占道。“屋檐下的异族”让旁观者无从退回无知，因为众人熟悉的生活仍在继续，但被忽略的损失已经证明安稳也可能建立在沉默之上。“屋檐下的异族”最终保存的不是答案，而是这项无法回避的事实：规则能够保持一致，却无法保证每个被规则触及的人都受到公正对待。|体>感:所有宏大目标最终都要由会疲惫、会受伤的身体承担。因此我选择先让淋透的商人进来，再核箱子；我接受某些细节会留在暗处。|精>体:面对这段倒影，我选择请守卫听商人解释，暂不争执。沉默不等于同意，让当事人保有声音才使善意不至于越界；我接受生存保障暂时后退。|力>精:伤害若不被明确拒绝，退让便会成为下一次伤害的许可。因此我选择指出门廊空位并要求守卫放行；我接受关系会留下裂痕。|智>力:面对这段倒影，我选择量出通道宽度证明可通，商人多等片刻。眼前有效不等于长久正确，未被计算的后果终会从未来回来索债；我接受放下强行定夺的权力。|敏>智:完美方案若永远停在准备中，便只是逃避行动的体面名字。因此我选择帮商人把箱子挪到侧廊，不查守卫理由；我接受理性暂时得不到整齐答案。|感>敏:面对这段倒影，我选择请双方指出实际挡道处，暂不挪货。表面的安静不能证明没有伤害，未被看见的后果仍会找到承担者；我接受错过最快的时机。
马车车轴·选择者的债|运粮马车的车轴响得厉害，车夫说再走半里就到仓库，路边正有修车棚。在名为“马车车轴”的记忆里，城镇没有因此停摆，真正动摇的是人们能否承认自身安宁由谁负重。恐惧提醒人保存自己，也会诱使人把陌生者先写成危险；“马车车轴”使这层代价再也无法藏回惯例之中。|体>智:我会让人卸粮减负，晚点到仓。这份选择承认，所有宏大目标最终都要由会疲惫、会受伤的身体承担；我接受理性暂时得不到整齐答案。|精>敏:我无愧于先听车夫为何赶路，不强令停下这一选择。共同承担不是把代价摊薄，而是不让最沉默的人独自负重；我接受错过最快的时机。|力>感:我会立刻换车轴，粮车停在棚边。这份选择承认，伤害若不被明确拒绝，退让便会成为下一次伤害的许可；我接受某些细节会留在暗处。|智>体:我无愧于估算断轴概率和载重后再走这一选择。未经核实的确信只会让错误披上正义外衣，事实必须先于结论；我接受生存保障暂时后退。|敏>精:我会先用空车转运一半，不细查旧轴。这份选择承认，旧路已经制造眼前困局，改变方向才能为未来保留新的出口；我接受关系会留下裂痕。|感>力:我无愧于辨认响声来自哪端，暂缓安抚车夫这一选择。真相常藏在不合常理的小处，细微异常也可能保存完整证词；我接受放下强行定夺的权力。
借出的雨披·规则照不到的地方|冒险者把唯一雨披借给迷路少年，回程自己冻得发抖；少年家人想把雨披留下作纪念。在“借出的雨披”映出的裂隙中，小镇赖以维系的秩序在此显出裂口，便利从来不是平均落在每个人身上。当倒影被命名为“借出的雨披”，各方都握有足以自辩的理由，真正留下的只是决定者愿不愿亲自承担损失。|体>精:我接受关系会留下裂痕。我仍选择先把雨披还给受冻者，不顾纪念心情，因为所有宏大目标最终都要由会疲惫、会受伤的身体承担。|精>力:请双方商量另留纪念，不硬取。我看破了这一层：沉默不等于同意，让当事人保有声音才使善意不至于越界；我接受放下强行定夺的权力。|力>智:我接受理性暂时得不到整齐答案。我仍选择当场索回雨披，暂停后续寒夜赶路，因为伤害若不被明确拒绝，退让便会成为下一次伤害的许可。|智>敏:先确认雨披归属记录，冒险者继续挨冻。我看破了这一层：未经核实的确信只会让错误披上正义外衣，事实必须先于结论；我接受错过最快的时机。|敏>感:我接受某些细节会留在暗处。我仍选择拿备用毯换回雨披，不查借用约定，因为旧路已经制造眼前困局，改变方向才能为未来保留新的出口。|感>体:观察冒险者是否已有冻伤，先不谈纪念。我看破了这一层：真相常藏在不合常理的小处，细微异常也可能保存完整证词；我接受生存保障暂时后退。
坏掉的街灯·怜悯与尊严|夜里街灯忽明忽暗，小巷住户说修灯会惊醒屋里的病人。“坏掉的街灯”没有留下裁决，只让这一事实显露出来：看似寻常的安排把共同生活的根基暴露出来，规则会保护一些人，也会把另一些人留在门外。透过“坏掉的街灯”，片段把被忽略之物推到眼前：承诺与新知发生冲突后，忠诚不再是服从，而是敢于重新审视最初的誓言。|体>敏:面对这段倒影，我选择先护送行人通过，不查灯芯。脆弱不是被排到最后的理由，保护生命正是责任最先抵达之处；我接受行动不得不慢下来。|精>感:共同承担不是把代价摊薄，而是不让最沉默的人独自负重。因此我选择先与住户约定安静修灯时段；我接受直觉仍在发出相反提醒。|力>体:面对这段倒影，我选择立即断电修灯，让病人短暂受扰。无法两全时仍须有人署名定夺，责任不能被推给更弱者；我接受眼前安稳不再优先。|智>精:未经核实的确信只会让错误披上正义外衣，事实必须先于结论。因此我选择先查线路图，暂留暗巷；我接受和解不会立刻到来。|敏>力:面对这段倒影，我选择改设临时提灯，稍后查线路。旧路已经制造眼前困局，改变方向才能为未来保留新的出口；我接受边界不能立刻建立。|感>智:真相常藏在不合常理的小处，细微异常也可能保存完整证词。因此我选择沿灯影找出接触不良处，不先搬灯；我接受因果尚未完全查清。
公会公告撕角·被推迟的后果|委托公告少了一角，报酬数字看成三百或八百都说得通，接单的少年已经出发。日复一日的惯例忽然要求一个具体的人承担代价，习惯因此不再等同于正当；这正是“公会公告撕角”无法替任何人抹去的部分。照料身体、守住关系、执行意志、辨明因果、抓住时机与洞察隐情无法同时圆满；自“公会公告撕角”发生以后，沉默也带有了方向。|体>力:我无愧于先派人追少年，没核完账也要拦这一选择。所有宏大目标最终都要由会疲惫、会受伤的身体承担；我接受边界不能立刻建立。|精>智:我会联系少年解释不确定性，不直接作废。这份选择承认，沉默不等于同意，让当事人保有声音才使善意不至于越界；我接受因果尚未完全查清。|力>敏:我无愧于暂停该委托并贴红封条这一选择。伤害若不被明确拒绝，退让便会成为下一次伤害的许可；我接受行动不得不慢下来。|智>感:我会查原始委托簿，再通知少年。这份选择承认，未经核实的确信只会让错误披上正义外衣，事实必须先于结论；我接受直觉仍在发出相反提醒。|敏>体:我无愧于用传话纸鹤追上少年，暂不找撕角这一选择。时机本身就是因果，迟到的正确无法挽回已经发生的损失；我接受眼前安稳不再优先。|感>精:我会比对撕角残纸和墨痕，少年多走一段。这份选择承认，表面的安静不能证明没有伤害，未被看见的后果仍会找到承担者；我接受和解不会立刻到来。
旧井盖声·不可替代之物|镇里的旧井盖每晚轻响，居民说有怪物，井工却认为是风。“旧井盖声”让旁观者无从退回无知，因为众人熟悉的生活仍在继续，但被忽略的损失已经证明安稳也可能建立在沉默之上。“旧井盖声”最终保存的不是答案，而是这项无法回避的事实：规则能够保持一致，却无法保证每个被规则触及的人都受到公正对待。|体>感:围住井口并检查孩子，暂不争原因。我看破了这一层：所有宏大目标最终都要由会疲惫、会受伤的身体承担；我接受仍有隐情未被辨明。|精>体:我接受身体与资源要承受额外压力。我仍选择让井工向居民解释风险，先不封井，因为沉默不等于同意，让当事人保有声音才使善意不至于越界。|力>精:直接换新井盖，暂不找声音来源。我看破了这一层：无法两全时仍须有人署名定夺，责任不能被推给更弱者；我接受这份决定无法让所有人心安。|智>力:我接受暂不以强力终结争执。我仍选择测风压与井道结构，让道路暂时受限，因为未经核实的确信只会让错误披上正义外衣，事实必须先于结论。|敏>智:改划绕行线，不深入井道。我看破了这一层：旧路已经制造眼前困局，改变方向才能为未来保留新的出口；我接受这未必是计算中的最优解。|感>敏:我接受变通空间随之缩小。我仍选择夜里守看响声来源，暂缓消除恐慌，因为真相常藏在不合常理的小处，细微异常也可能保存完整证词。
花粉节迟到·答案消失以后|花粉节表演队迟到，一位小演员鞋带断了，主持人要删掉他的独舞。在名为“花粉节迟到”的记忆里，城镇没有因此停摆，真正动摇的是人们能否承认自身安宁由谁负重。恐惧提醒人保存自己，也会诱使人把陌生者先写成危险；“花粉节迟到”使这层代价再也无法藏回惯例之中。|体>智:伤痛不会因目标正确便失去重量，具体生命必须先被接住。因此我选择让孩子休息修鞋，节目延后；我接受这未必是计算中的最优解。|精>敏:面对这段倒影，我选择询问他是否愿改成集体舞，不替他决定。沉默不等于同意，让当事人保有声音才使善意不至于越界；我接受变通空间随之缩小。|力>感:伤害若不被明确拒绝，退让便会成为下一次伤害的许可。因此我选择按原顺序停演，保证他能独舞；我接受仍有隐情未被辨明。|智>体:面对这段倒影，我选择重排节目时长，让孩子待后台。眼前有效不等于长久正确，未被计算的后果终会从未来回来索债；我接受身体与资源要承受额外压力。|敏>精:完美方案若永远停在准备中，便只是逃避行动的体面名字。因此我选择先用备用靴完成独舞，不查鞋破原因；我接受这份决定无法让所有人心安。|感>力:面对这段倒影，我选择确认舞台是否有割鞋物，再决定开演。表面的安静不能证明没有伤害，未被看见的后果仍会找到承担者；我接受暂不以强力终结争执。
集市赊账·必要之恶的名字|卖饼老人给饥饿学徒赊了三次账，学徒今天带着新法杖却仍说没钱。在“集市赊账”映出的裂隙中，小镇赖以维系的秩序在此显出裂口，便利从来不是平均落在每个人身上。当倒影被命名为“集市赊账”，各方都握有足以自辩的理由，真正留下的只是决定者愿不愿亲自承担损失。|体>精:我会先给一顿饭，暂不算旧账。这份选择承认，所有宏大目标最终都要由会疲惫、会受伤的身体承担；我接受这份决定无法让所有人心安。|精>力:我无愧于问学徒钱花在哪，保留信任这一选择。沉默不等于同意，让当事人保有声音才使善意不至于越界；我接受暂不以强力终结争执。|力>智:我会拒绝赊账，要求先还一部分。这份选择承认，伤害若不被明确拒绝，退让便会成为下一次伤害的许可；我接受这未必是计算中的最优解。|智>敏:我无愧于核算债额与分期，今天暂不给饼这一选择。未经核实的确信只会让错误披上正义外衣，事实必须先于结论；我接受变通空间随之缩小。|敏>感:我会帮学徒找短工换饭，不查法杖来历。这份选择承认，旧路已经制造眼前困局，改变方向才能为未来保留新的出口；我接受仍有隐情未被辨明。|感>体:我无愧于查法杖是借是买，再判断是否赊账这一选择。真相常藏在不合常理的小处，细微异常也可能保存完整证词；我接受身体与资源要承受额外压力。
后巷的异响·命运没有署名|面包房后巷传来敲桶声，老板以为有人偷面粉，邻居说是流浪小兽。“后巷的异响”没有留下裁决，只让这一事实显露出来：看似寻常的安排把共同生活的根基暴露出来，规则会保护一些人，也会把另一些人留在门外。透过“后巷的异响”，片段把被忽略之物推到眼前：承诺与新知发生冲突后，忠诚不再是服从，而是敢于重新审视最初的誓言。|体>敏:我接受错过最快的时机。我仍选择先备食物与水过去，暂不布陷阱，因为伤痛不会因目标正确便失去重量，具体生命必须先被接住。|精>感:请老板别先喊贼，留对方解释机会。我看破了这一层：沉默不等于同意，让当事人保有声音才使善意不至于越界；我接受某些细节会留在暗处。|力>体:我接受生存保障暂时后退。我仍选择封住库门，防止面粉继续丢，因为伤害若不被明确拒绝，退让便会成为下一次伤害的许可。|智>精:核对库存变化，再决定是否靠近。我看破了这一层：未经核实的确信只会让错误披上正义外衣，事实必须先于结论；我接受关系会留下裂痕。|敏>力:我接受放下强行定夺的权力。我仍选择绕后巷另一端观察，不堵门，因为旧路已经制造眼前困局，改变方向才能为未来保留新的出口。|感>智:辨敲击节奏与爪印，暂不追赶。我看破了这一层：真相常藏在不合常理的小处，细微异常也可能保存完整证词；我接受理性暂时得不到整齐答案。
河岸晾布·共同体的裂缝|河岸的公会绷带被雾打湿，药师想带回烘干，洗布工坚持再晒一会省炭。日复一日的惯例忽然要求一个具体的人承担代价，习惯因此不再等同于正当；这正是“河岸晾布”无法替任何人抹去的部分。照料身体、守住关系、执行意志、辨明因果、抓住时机与洞察隐情无法同时圆满；自“河岸晾布”发生以后，沉默也带有了方向。|体>力:面对这段倒影，我选择立即烘干，优先确保可用绷带。所有宏大目标最终都要由会疲惫、会受伤的身体承担；我接受放下强行定夺的权力。|精>智:共同承担不是把代价摊薄，而是不让最沉默的人独自负重。因此我选择让两人共同试一卷，不强迫任一方；我接受理性暂时得不到整齐答案。|力>敏:面对这段倒影，我选择收起全部湿布，直接重洗重烘。无法两全时仍须有人署名定夺，责任不能被推给更弱者；我接受错过最快的时机。|智>感:未经核实的确信只会让错误披上正义外衣，事实必须先于结论。因此我选择测含水量再决定，救护库存暂缺；我接受某些细节会留在暗处。|敏>体:面对这段倒影，我选择借隔壁干布顶班，不先查湿布。完美方案若永远停在准备中，便只是逃避行动的体面名字；我接受生存保障暂时后退。|感>精:真相常藏在不合常理的小处，细微异常也可能保存完整证词。因此我选择检查是否沾了雾孢，再讨论烘晒；我接受关系会留下裂痕。
木匠欠钉·无辜者的价格|木匠给公会修门，发现少了六枚铁钉；隔壁学校也在等他送钉。“木匠欠钉”让旁观者无从退回无知，因为众人熟悉的生活仍在继续，但被忽略的损失已经证明安稳也可能建立在沉默之上。“木匠欠钉”最终保存的不是答案，而是这项无法回避的事实：规则能够保持一致，却无法保证每个被规则触及的人都受到公正对待。|体>感:我无愧于先固定学校摇晃的门，工期再算这一选择。所有宏大目标最终都要由会疲惫、会受伤的身体承担；我接受直觉仍在发出相反提醒。|精>体:我会与两边商议分钉，不擅自改约。这份选择承认，共同承担不是把代价摊薄，而是不让最沉默的人独自负重；我接受眼前安稳不再优先。|力>精:我无愧于优先修公会大门，直接告知学校延期这一选择。无法两全时仍须有人署名定夺，责任不能被推给更弱者；我接受和解不会立刻到来。|智>力:我会核算哪扇门最少钉数可安全用。这份选择承认，未经核实的确信只会让错误披上正义外衣，事实必须先于结论；我接受边界不能立刻建立。|敏>智:我无愧于跑铁铺补钉，不先查缺钉原因这一选择。时机本身就是因果，迟到的正确无法挽回已经发生的损失；我接受因果尚未完全查清。|感>敏:我会查库存账与钉孔，暂不动工。这份选择承认，真相常藏在不合常理的小处，细微异常也可能保存完整证词；我接受行动不得不慢下来。
丢失的午餐牌·有限中的承担|公会食堂有人捡到一枚午餐牌，牌主是已出城的清洁工，窗外一个没钱的新人正饿着。在名为“丢失的午餐牌”的记忆里，城镇没有因此停摆，真正动摇的是人们能否承认自身安宁由谁负重。恐惧提醒人保存自己，也会诱使人把陌生者先写成危险；“丢失的午餐牌”使这层代价再也无法藏回惯例之中。|体>智:先给新人热饭，牌账之后补。我看破了这一层：所有宏大目标最终都要由会疲惫、会受伤的身体承担；我接受因果尚未完全查清。|精>敏:我接受行动不得不慢下来。我仍选择征求食堂阿姨同意，不擅用清洁工的份，因为共同承担不是把代价摊薄，而是不让最沉默的人独自负重。|力>感:封存餐牌，按规矩不让他人冒领。我看破了这一层：伤害若不被明确拒绝，退让便会成为下一次伤害的许可；我接受直觉仍在发出相反提醒。|智>体:我接受眼前安稳不再优先。我仍选择登记遗失并查是否已用餐，新人再等，因为未经核实的确信只会让错误披上正义外衣，事实必须先于结论。|敏>精:追清洁工还牌，暂不查食堂账。我看破了这一层：时机本身就是因果，迟到的正确无法挽回已经发生的损失；我接受和解不会立刻到来。|感>力:我接受边界不能立刻建立。我仍选择确认牌号与今天出餐记录，暂不追人，因为表面的安静不能证明没有伤害，未被看见的后果仍会找到承担者。
换班错漏·身份与枷锁|巡逻队换班册漏了西侧一段，昨夜值勤者说自己走过，今早有人在那里失足。在“换班错漏”映出的裂隙中，小镇赖以维系的秩序在此显出裂口，便利从来不是平均落在每个人身上。当倒影被命名为“换班错漏”，各方都握有足以自辩的理由，真正留下的只是决定者愿不愿亲自承担损失。|体>精:所有宏大目标最终都要由会疲惫、会受伤的身体承担。因此我选择先修危险路段，再补册；我接受和解不会立刻到来。|精>力:面对这段倒影，我选择让值勤者完整讲经过，不先处分。共同承担不是把代价摊薄，而是不让最沉默的人独自负重；我接受边界不能立刻建立。|力>智:伤害若不被明确拒绝，退让便会成为下一次伤害的许可。因此我选择暂停其巡逻资格，立即重排班；我接受因果尚未完全查清。|智>敏:面对这段倒影，我选择核查路线和时间戳，暂缓修路。未经核实的确信只会让错误披上正义外衣，事实必须先于结论；我接受行动不得不慢下来。|敏>感:完美方案若永远停在准备中，便只是逃避行动的体面名字。因此我选择先补今晚人手，昨夜细节稍后查；我接受直觉仍在发出相反提醒。|感>体:面对这段倒影，我选择查脚印和巡更铃，暂不重排。真相常藏在不合常理的小处，细微异常也可能保存完整证词；我接受眼前安稳不再优先。
糕点过敏牌·因果的盲区|甜饼摊把坚果过敏牌挂反了面，已有一名孩子咬了一口，摊主以为没事。“糕点过敏牌”没有留下裁决，只让这一事实显露出来：看似寻常的安排把共同生活的根基暴露出来，规则会保护一些人，也会把另一些人留在门外。透过“糕点过敏牌”，片段把被忽略之物推到眼前：承诺与新知发生冲突后，忠诚不再是服从，而是敢于重新审视最初的誓言。|体>敏:我会先带孩子去医馆，不等查配料。这份选择承认，所有宏大目标最终都要由会疲惫、会受伤的身体承担；我接受变通空间随之缩小。|精>感:我无愧于让摊主向家长说明并陪同就诊这一选择。沉默不等于同意，让当事人保有声音才使善意不至于越界；我接受仍有隐情未被辨明。|力>体:我会立刻停卖整盘，暂不听辩解。这份选择承认，伤害若不被明确拒绝，退让便会成为下一次伤害的许可；我接受身体与资源要承受额外压力。|智>精:我无愧于核对配方与摄入量后决定药剂这一选择。未经核实的确信只会让错误披上正义外衣，事实必须先于结论；我接受这份决定无法让所有人心安。|敏>力:我会跑去取急救药，暂不封存糕点。这份选择承认，时机本身就是因果，迟到的正确无法挽回已经发生的损失；我接受暂不以强力终结争执。|感>智:我无愧于确认孩子症状和标牌翻面时间这一选择。表面的安静不能证明没有伤害，未被看见的后果仍会找到承担者；我接受这未必是计算中的最优解。
兽栏误开·被保护者的意志|契兽栏的侧门没闩，温顺的黄金兔跑到了车道上，马车已拐弯。日复一日的惯例忽然要求一个具体的人承担代价，习惯因此不再等同于正当；这正是“兽栏误开”无法替任何人抹去的部分。照料身体、守住关系、执行意志、辨明因果、抓住时机与洞察隐情无法同时圆满；自“兽栏误开”发生以后，沉默也带有了方向。|体>力:我接受暂不以强力终结争执。我仍选择挡在车前护兔，放弃快速抓兔，因为脆弱不是被排到最后的理由，保护生命正是责任最先抵达之处。|精>智:呼喊车夫慢行，别惊吓兔子。我看破了这一层：共同承担不是把代价摊薄，而是不让最沉默的人独自负重；我接受这未必是计算中的最优解。|力>敏:我接受变通空间随之缩小。我仍选择先关侧门防更多契兽跑出，因为无法两全时仍须有人署名定夺，责任不能被推给更弱者。|智>感:判断马车刹停距离，再指挥人走位。我看破了这一层：眼前有效不等于长久正确，未被计算的后果终会从未来回来索债；我接受仍有隐情未被辨明。|敏>体:我接受身体与资源要承受额外压力。我仍选择从侧道抄近抱回兔，不先算车距，因为完美方案若永远停在准备中，便只是逃避行动的体面名字。|感>精:盯住兔子去向和马脚，暂不安抚旁人。我看破了这一层：表面的安静不能证明没有伤害，未被看见的后果仍会找到承担者；我接受这份决定无法让所有人心安。
铜铃丢失·时间拒绝归还|公会门口求助铜铃不见了，值班员怀疑新来的半身人孩子。孩子拿着相同颜色的铃铛。“铜铃丢失”让旁观者无从退回无知，因为众人熟悉的生活仍在继续，但被忽略的损失已经证明安稳也可能建立在沉默之上。“铜铃丢失”最终保存的不是答案，而是这项无法回避的事实：规则能够保持一致，却无法保证每个被规则触及的人都受到公正对待。|体>感:面对这段倒影，我选择先让孩子脱离围观，线索稍后核。所有宏大目标最终都要由会疲惫、会受伤的身体承担；我接受某些细节会留在暗处。|精>体:沉默不等于同意，让当事人保有声音才使善意不至于越界。因此我选择请孩子自己解释来源，不当众审问；我接受生存保障暂时后退。|力>精:面对这段倒影，我选择暂时收走铃铛核验，可能伤信任。无法两全时仍须有人署名定夺，责任不能被推给更弱者；我接受关系会留下裂痕。|智>力:未经核实的确信只会让错误披上正义外衣，事实必须先于结论。因此我选择查公会铃的刻号与领用簿；我接受放下强行定夺的权力。|敏>智:面对这段倒影，我选择立刻找丢铃处，不围着孩子盘问。时机本身就是因果，迟到的正确无法挽回已经发生的损失；我接受理性暂时得不到整齐答案。|感>敏:真相常藏在不合常理的小处，细微异常也可能保存完整证词。因此我选择辨听铃声和磨痕，暂不外出找；我接受错过最快的时机。
邮差带错路·力量必须止步之处|纸鹤把邮差领到旧街尽头，收件人已搬去新街，信是当日必须送达的退役补助。在名为“邮差带错路”的记忆里，城镇没有因此停摆，真正动摇的是人们能否承认自身安宁由谁负重。恐惧提醒人保存自己，也会诱使人把陌生者先写成危险；“邮差带错路”使这层代价再也无法藏回惯例之中。|体>智:我无愧于先找到需要补助的人，不查纸鹤故障这一选择。所有宏大目标最终都要由会疲惫、会受伤的身体承担；我接受理性暂时得不到整齐答案。|精>敏:我会联系搬家邻居询问去向，不催责邮差。这份选择承认，沉默不等于同意，让当事人保有声音才使善意不至于越界；我接受错过最快的时机。|力>感:我无愧于改派熟路信使接手，暂不查旧街这一选择。无法两全时仍须有人署名定夺，责任不能被推给更弱者；我接受某些细节会留在暗处。|智>体:我会查迁址簿再送信，让收件人稍等。这份选择承认，未经核实的确信只会让错误披上正义外衣，事实必须先于结论；我接受生存保障暂时后退。|敏>精:我无愧于抄新街捷径赶送，暂不核迁址记录这一选择。时机本身就是因果，迟到的正确无法挽回已经发生的损失；我接受关系会留下裂痕。|感>力:我会辨门口旧告示与纸鹤印记，先别跑。这份选择承认，真相常藏在不合常理的小处，细微异常也可能保存完整证词；我接受放下强行定夺的权力。
温泉洗衣·知识不能赦免|温泉洗衣池今天水温异常高，洗衣妇还想趁热把医馆床单洗完。在“温泉洗衣”映出的裂隙中，小镇赖以维系的秩序在此显出裂口，便利从来不是平均落在每个人身上。当倒影被命名为“温泉洗衣”，各方都握有足以自辩的理由，真正留下的只是决定者愿不愿亲自承担损失。|体>精:先让她离开池边，床单延后。我看破了这一层：伤痛不会因目标正确便失去重量，具体生命必须先被接住；我接受关系会留下裂痕。|精>力:我接受放下强行定夺的权力。我仍选择提醒她手已发红，别命令她硬停，因为共同承担不是把代价摊薄，而是不让最沉默的人独自负重。|力>智:关掉进水闸，不继续洗。我看破了这一层：无法两全时仍须有人署名定夺，责任不能被推给更弱者；我接受理性暂时得不到整齐答案。|智>敏:我接受错过最快的时机。我仍选择测水温与药剂反应后决定是否用水，因为未经核实的确信只会让错误披上正义外衣，事实必须先于结论。|敏>感:搬床单去冷水池，不查热因。我看破了这一层：完美方案若永远停在准备中，便只是逃避行动的体面名字；我接受某些细节会留在暗处。|感>体:我接受生存保障暂时后退。我仍选择看池边刻度与蒸汽，暂不搬单，因为真相常藏在不合常理的小处，细微异常也可能保存完整证词。
后勤仓缺灯·忠诚的限度|药材仓的提灯只剩一盏，夜里还要清点易碎玻璃瓶与搬运木箱。“后勤仓缺灯”没有留下裁决，只让这一事实显露出来：看似寻常的安排把共同生活的根基暴露出来，规则会保护一些人，也会把另一些人留在门外。透过“后勤仓缺灯”，片段把被忽略之物推到眼前：承诺与新知发生冲突后，忠诚不再是服从，而是敢于重新审视最初的誓言。|体>敏:所有宏大目标最终都要由会疲惫、会受伤的身体承担。因此我选择给搬箱人照路，清点延期；我接受行动不得不慢下来。|精>感:面对这段倒影，我选择两组轮流共灯，不强占。共同承担不是把代价摊薄，而是不让最沉默的人独自负重；我接受直觉仍在发出相反提醒。|力>体:伤害若不被明确拒绝，退让便会成为下一次伤害的许可。因此我选择给搬箱人并令另一组停工；我接受眼前安稳不再优先。|智>精:面对这段倒影，我选择给清点员核药瓶，搬箱人等天亮。未经核实的确信只会让错误披上正义外衣，事实必须先于结论；我接受和解不会立刻到来。|敏>力:完美方案若永远停在准备中，便只是逃避行动的体面名字。因此我选择先搬箱到门口月光下，不细点数；我接受边界不能立刻建立。|感>智:面对这段倒影，我选择检查哪区最暗最危险，再分灯。真相常藏在不合常理的小处，细微异常也可能保存完整证词；我接受因果尚未完全查清。
小店退货·公平未曾抵达|杂货铺卖出一枚旧指南针，买主回来称指针偏了；店主说货出门不退，针上还粘着新铁屑。日复一日的惯例忽然要求一个具体的人承担代价，习惯因此不再等同于正当；这正是“小店退货”无法替任何人抹去的部分。照料身体、守住关系、执行意志、辨明因果、抓住时机与洞察隐情无法同时圆满；自“小店退货”发生以后，沉默也带有了方向。|体>力:我会先让迷路买主有可用罗盘，责任后查。这份选择承认，所有宏大目标最终都要由会疲惫、会受伤的身体承担；我接受边界不能立刻建立。|精>智:我无愧于请两人讲使用经过，暂不压一方这一选择。共同承担不是把代价摊薄，而是不让最沉默的人独自负重；我接受因果尚未完全查清。|力>敏:我会暂停售卖同批罗盘并退款。这份选择承认，伤害若不被明确拒绝，退让便会成为下一次伤害的许可；我接受行动不得不慢下来。|智>感:我无愧于测试磁偏和退货条款，让买主再等这一选择。未经核实的确信只会让错误披上正义外衣，事实必须先于结论；我接受直觉仍在发出相反提醒。|敏>体:我会借店里另一枚给买主赶路。这份选择承认，时机本身就是因果，迟到的正确无法挽回已经发生的损失；我接受眼前安稳不再优先。|感>精:我无愧于找出铁屑来源与购买前后的变化这一选择。真相常藏在不合常理的小处，细微异常也可能保存完整证词；我接受和解不会立刻到来。
北门守夜汤·陌生人的位置|守夜人从食堂领了一锅热汤，巡逻回来看见流浪者已经喝掉一半。食堂只做了这一锅。“北门守夜汤”让旁观者无从退回无知，因为众人熟悉的生活仍在继续，但被忽略的损失已经证明安稳也可能建立在沉默之上。“北门守夜汤”最终保存的不是答案，而是这项无法回避的事实：规则能够保持一致，却无法保证每个被规则触及的人都受到公正对待。|体>感:我接受仍有隐情未被辨明。我仍选择先让流浪者喝完，守夜人另找干粮，因为所有宏大目标最终都要由会疲惫、会受伤的身体承担。|精>体:请双方一起分汤，不责怪取汤者。我看破了这一层：共同承担不是把代价摊薄，而是不让最沉默的人独自负重；我接受身体与资源要承受额外压力。|力>精:我接受这份决定无法让所有人心安。我仍选择按守夜人份额追回剩汤，因为力量的正当不由胜负证明，而由它愿意在哪里停止证明。|智>力:查人数与份量，重新分配。我看破了这一层：未经核实的确信只会让错误披上正义外衣，事实必须先于结论；我接受暂不以强力终结争执。|敏>智:我接受这未必是计算中的最优解。我仍选择赶去隔壁灶台再煮一锅，因为时机本身就是因果，迟到的正确无法挽回已经发生的损失。|感>敏:先问汤为何无人看管，暂不奔走。我看破了这一层：真相常藏在不合常理的小处，细微异常也可能保存完整证词；我接受变通空间随之缩小。
织布坊赶工·故乡如何成立|织布坊接下公会披风急单，染工的手已经起疹，老板说只差最后一缸。在名为“织布坊赶工”的记忆里，城镇没有因此停摆，真正动摇的是人们能否承认自身安宁由谁负重。恐惧提醒人保存自己，也会诱使人把陌生者先写成危险；“织布坊赶工”使这层代价再也无法藏回惯例之中。|体>智:面对这段倒影，我选择让染工停手就医，交期延后。所有宏大目标最终都要由会疲惫、会受伤的身体承担；我接受这未必是计算中的最优解。|精>敏:沉默不等于同意，让当事人保有声音才使善意不至于越界。因此我选择与老板和染工协商换班；我接受变通空间随之缩小。|力>感:面对这段倒影，我选择封掉这缸染料，不许继续用。伤害若不被明确拒绝，退让便会成为下一次伤害的许可；我接受仍有隐情未被辨明。|智>体:未经核实的确信只会让错误披上正义外衣，事实必须先于结论。因此我选择查过敏原与替代染法，暂时停产；我接受身体与资源要承受额外压力。|敏>精:面对这段倒影，我选择找别的染工接手，不先查染料。完美方案若永远停在准备中，便只是逃避行动的体面名字；我接受这份决定无法让所有人心安。|感>力:真相常藏在不合常理的小处，细微异常也可能保存完整证词。因此我选择看疹子与染液变化，先不转人；我接受暂不以强力终结争执。
旅馆热水牌·被制造的天命|旅馆把“热水已送”写在门牌上，楼上客人实际只收到冷水；跑堂说自己按流程送了。在“旅馆热水牌”映出的裂隙中，小镇赖以维系的秩序在此显出裂口，便利从来不是平均落在每个人身上。当倒影被命名为“旅馆热水牌”，各方都握有足以自辩的理由，真正留下的只是决定者愿不愿亲自承担损失。|体>精:我无愧于给客人重送热水，暂不找错这一选择。伤痛不会因目标正确便失去重量，具体生命必须先被接住；我接受这份决定无法让所有人心安。|精>力:我会听跑堂说完路线，不先处罚。这份选择承认，沉默不等于同意，让当事人保有声音才使善意不至于越界；我接受暂不以强力终结争执。|力>智:我无愧于停止这一批送水并重做这一选择。伤害若不被明确拒绝，退让便会成为下一次伤害的许可；我接受这未必是计算中的最优解。|智>敏:我会查送水登记与时间差，让客人再等。这份选择承认，未经核实的确信只会让错误披上正义外衣，事实必须先于结论；我接受变通空间随之缩小。|敏>感:我无愧于上楼逐房查看，不先对账这一选择。完美方案若永远停在准备中，便只是逃避行动的体面名字；我接受仍有隐情未被辨明。|感>体:我会摸水桶温度与门牌笔迹，暂不上楼。这份选择承认，身份标签最容易抹去一个人的其余部分，细节必须替他保留证词；我接受身体与资源要承受额外压力。
街角借火·牺牲由谁决定|夜里一位陌生人借火点灯，火种来自炼金铺，铺主说此火不能离开街区。“街角借火”没有留下裁决，只让这一事实显露出来：看似寻常的安排把共同生活的根基暴露出来，规则会保护一些人，也会把另一些人留在门外。透过“街角借火”，片段把被忽略之物推到眼前：承诺与新知发生冲突后，忠诚不再是服从，而是敢于重新审视最初的誓言。|体>敏:先给普通火把，别让他摸危险火种。我看破了这一层：所有宏大目标最终都要由会疲惫、会受伤的身体承担；我接受错过最快的时机。|精>感:我接受某些细节会留在暗处。我仍选择解释铺主担忧，询问林中用途，因为沉默不等于同意，让当事人保有声音才使善意不至于越界。|力>体:收回炼金火种，不让带走。我看破了这一层：无法两全时仍须有人署名定夺，责任不能被推给更弱者；我接受生存保障暂时后退。|智>精:我接受关系会留下裂痕。我仍选择查火种限制的原因，让人稍等，因为未经核实的确信只会让错误披上正义外衣，事实必须先于结论。|敏>力:带他去街口换安全灯，不测旧火。我看破了这一层：旧路已经制造眼前困局，改变方向才能为未来保留新的出口；我接受放下强行定夺的权力。|感>智:我接受理性暂时得不到整齐答案。我仍选择观察火种颜色是否已异常，暂不送行，因为真相常藏在不合常理的小处，细微异常也可能保存完整证词。
杂役奖金·希望并非证据|公会清洁工补好了漏雨窗，委托奖金却写给了签收的前台。前台也帮忙搬过梯子。日复一日的惯例忽然要求一个具体的人承担代价，习惯因此不再等同于正当；这正是“杂役奖金”无法替任何人抹去的部分。照料身体、守住关系、执行意志、辨明因果、抓住时机与洞察隐情无法同时圆满；自“杂役奖金”发生以后，沉默也带有了方向。|体>力:伤痛不会因目标正确便失去重量，具体生命必须先被接住。因此我选择先补清洁工因受伤买药的钱，分账后定；我接受放下强行定夺的权力。|精>智:面对这段倒影，我选择让两人说明贡献，自行商量。沉默不等于同意，让当事人保有声音才使善意不至于越界；我接受理性暂时得不到整齐答案。|力>敏:无法两全时仍须有人署名定夺，责任不能被推给更弱者。因此我选择立即更正主领取人为清洁工；我接受错过最快的时机。|智>感:面对这段倒影，我选择按工时与支出拆分奖金。眼前有效不等于长久正确，未被计算的后果终会从未来回来索债；我接受某些细节会留在暗处。|敏>体:旧路已经制造眼前困局，改变方向才能为未来保留新的出口。因此我选择先找财务改付款，未核梯子贡献；我接受生存保障暂时后退。|感>精:面对这段倒影，我选择核维修记录与签收单，再定比例。真相常藏在不合常理的小处，细微异常也可能保存完整证词；我接受关系会留下裂痕。
晾衣绳拦路·失去之后的选择|两户人家在小巷晾衣，绳子低到让带角的旅人无法通过；邻居说平时没人走这条路。“晾衣绳拦路”让旁观者无从退回无知，因为众人熟悉的生活仍在继续，但被忽略的损失已经证明安稳也可能建立在沉默之上。“晾衣绳拦路”最终保存的不是答案，而是这项无法回避的事实：规则能够保持一致，却无法保证每个被规则触及的人都受到公正对待。|体>感:我会先抬绳让旅人过去，不辩路权。这份选择承认，所有宏大目标最终都要由会疲惫、会受伤的身体承担；我接受直觉仍在发出相反提醒。|精>体:我无愧于请两户听旅人说明，不强拆绳这一选择。沉默不等于同意，让当事人保有声音才使善意不至于越界；我接受眼前安稳不再优先。|力>精:我会要求立刻拆掉占道绳。这份选择承认，伤害若不被明确拒绝，退让便会成为下一次伤害的许可；我接受和解不会立刻到来。|智>力:我无愧于量出通道净高并定晾衣线这一选择。眼前有效不等于长久正确，未被计算的后果终会从未来回来索债；我接受边界不能立刻建立。|敏>智:我会带旅人绕隔壁巷，不查绳高。这份选择承认，旧路已经制造眼前困局，改变方向才能为未来保留新的出口；我接受因果尚未完全查清。|感>敏:我无愧于观察绳结能否抬高后仍稳固这一选择。真相常藏在不合常理的小处，细微异常也可能保存完整证词；我接受行动不得不慢下来。
小酒馆醉客·旁观者也在场|酒馆客人醉后说要独自走夜路，店主怕惹麻烦，同行者说他能走。在名为“小酒馆醉客”的记忆里，城镇没有因此停摆，真正动摇的是人们能否承认自身安宁由谁负重。恐惧提醒人保存自己，也会诱使人把陌生者先写成危险；“小酒馆醉客”使这层代价再也无法藏回惯例之中。|体>智:我接受因果尚未完全查清。我仍选择给他留床醒酒，不相信口头保证，因为伤痛不会因目标正确便失去重量，具体生命必须先被接住。|精>敏:请同行者陪护，不强迫送医。我看破了这一层：关系不是结果之后的装饰，被理解本身就是不可替代的需要；我接受行动不得不慢下来。|力>感:我接受直觉仍在发出相反提醒。我仍选择阻止他出门并叫巡夜员，因为无法两全时仍须有人署名定夺，责任不能被推给更弱者。|智>体:看饮酒量和步态再决定。我看破了这一层：眼前有效不等于长久正确，未被计算的后果终会从未来回来索债；我接受眼前安稳不再优先。|敏>精:我接受和解不会立刻到来。我仍选择叫车送回住处，不先检查伤情，因为完美方案若永远停在准备中，便只是逃避行动的体面名字。|感>力:留意是否混入麻醉药，不急送走。我看破了这一层：表面的安静不能证明没有伤害，未被看见的后果仍会找到承担者；我接受边界不能立刻建立。
花桥旧刻字·活着不是结论|修桥工要换掉一块写满居民名字的旧桥板，板子已腐朽；纪念会代表希望留下原板。在“花桥旧刻字”映出的裂隙中，小镇赖以维系的秩序在此显出裂口，便利从来不是平均落在每个人身上。当倒影被命名为“花桥旧刻字”，各方都握有足以自辩的理由，真正留下的只是决定者愿不愿亲自承担损失。|体>精:面对这段倒影，我选择先换板保行人安全，纪念稍后。伤痛不会因目标正确便失去重量，具体生命必须先被接住；我接受和解不会立刻到来。|精>力:共同承担不是把代价摊薄，而是不让最沉默的人独自负重。因此我选择请代表参与拆板，保留告别仪式；我接受边界不能立刻建立。|力>智:面对这段倒影，我选择直接拆险板并封桥，不追每个名字。伤害若不被明确拒绝，退让便会成为下一次伤害的许可；我接受因果尚未完全查清。|智>敏:规则若不计算沉默者承担的代价，精确也会成为稳定重复错误的工具。因此我选择设计加固与展示方案，桥暂时停用；我接受行动不得不慢下来。|敏>感:面对这段倒影，我选择先架临时通道，原板以后再查。完美方案若永远停在准备中，便只是逃避行动的体面名字；我接受直觉仍在发出相反提醒。|感>体:身份标签最容易抹去一个人的其余部分，细节必须替他保留证词。因此我选择拓印所有名字和刻痕，再移板；我接受眼前安稳不再优先。
蜡封被雨淋·名字不能替代一个人|公会证书的蜡封被雨打花，持证人赶着入城，守卫无法辨真伪。“蜡封被雨淋”没有留下裁决，只让这一事实显露出来：看似寻常的安排把共同生活的根基暴露出来，规则会保护一些人，也会把另一些人留在门外。透过“蜡封被雨淋”，片段把被忽略之物推到眼前：承诺与新知发生冲突后，忠诚不再是服从，而是敢于重新审视最初的誓言。|体>敏:我无愧于让受冻者先到门内候查，不直接放行这一选择。所有宏大目标最终都要由会疲惫、会受伤的身体承担；我接受变通空间随之缩小。|精>感:我会请守卫与持证人互述身份线索。这份选择承认，共同承担不是把代价摊薄，而是不让最沉默的人独自负重；我接受仍有隐情未被辨明。|力>体:我无愧于暂拒通行并派人查证这一选择。伤害若不被明确拒绝，退让便会成为下一次伤害的许可；我接受身体与资源要承受额外压力。|智>精:我会查原登记号，来人继续等。这份选择承认，未经核实的确信只会让错误披上正义外衣，事实必须先于结论；我接受这份决定无法让所有人心安。|敏>力:我无愧于派快马去证书签发处核实这一选择。时机本身就是因果，迟到的正确无法挽回已经发生的损失；我接受暂不以强力终结争执。|感>智:我会辨蜡纹残角与纸张水痕。这份选择承认，真相常藏在不合常理的小处，细微异常也可能保存完整证词；我接受这未必是计算中的最优解。
食堂最后一碗·悔意无法倒流|食堂最后一碗粥放在窗口，排队的是刚结束巡逻的守卫、备考的学徒和抱孩子的母亲。日复一日的惯例忽然要求一个具体的人承担代价，习惯因此不再等同于正当；这正是“食堂最后一碗”无法替任何人抹去的部分。照料身体、守住关系、执行意志、辨明因果、抓住时机与洞察隐情无法同时圆满；自“食堂最后一碗”发生以后，沉默也带有了方向。|体>力:先给孩子和母亲，不比较工作产出。我看破了这一层：所有宏大目标最终都要由会疲惫、会受伤的身体承担；我接受暂不以强力终结争执。|精>智:我接受这未必是计算中的最优解。我仍选择请三人表达需要，再自愿决定，因为共同承担不是把代价摊薄，而是不让最沉默的人独自负重。|力>敏:按排队顺序给守卫，不继续争。我看破了这一层：力量的正当不由胜负证明，而由它愿意在哪里停止证明；我接受变通空间随之缩小。|智>感:我接受仍有隐情未被辨明。我仍选择按下一餐间隔和需求量拆分，因为眼前有效不等于长久正确，未被计算的后果终会从未来回来索债。|敏>体:马上去后厨煮小锅，不核剩粮。我看破了这一层：完美方案若永远停在准备中，便只是逃避行动的体面名字；我接受身体与资源要承受额外压力。|感>精:我接受这份决定无法让所有人心安。我仍选择查三人是否已领过餐，再分，因为真相常藏在不合常理的小处，细微异常也可能保存完整证词。
屋前的药味·沉默也有方向|居民投诉隔壁炼金学徒夜里熬药刺鼻，学徒说药是替病重父亲做的。窗缝都冒了白烟。“屋前的药味”让旁观者无从退回无知，因为众人熟悉的生活仍在继续，但被忽略的损失已经证明安稳也可能建立在沉默之上。“屋前的药味”最终保存的不是答案，而是这项无法回避的事实：规则能够保持一致，却无法保证每个被规则触及的人都受到公正对待。|体>感:伤痛不会因目标正确便失去重量，具体生命必须先被接住。因此我选择先把病人和邻居带离烟处，配方以后查；我接受某些细节会留在暗处。|精>体:面对这段倒影，我选择请双方说明需求，暂不处罚学徒。沉默不等于同意，让当事人保有声音才使善意不至于越界；我接受生存保障暂时后退。|力>精:伤害若不被明确拒绝，退让便会成为下一次伤害的许可。因此我选择熄炉并关门停做；我接受关系会留下裂痕。|智>力:面对这段倒影，我选择查药剂挥发物，再决定能否继续。未经核实的确信只会让错误披上正义外衣，事实必须先于结论；我接受放下强行定夺的权力。|敏>智:完美方案若永远停在准备中，便只是逃避行动的体面名字。因此我选择搬药锅去露天棚，不先测烟；我接受理性暂时得不到整齐答案。|感>敏:面对这段倒影，我选择辨烟色和症状，先判断是否有毒。真相常藏在不合常理的小处，细微异常也可能保存完整证词；我接受错过最快的时机。
树根堵门·看破仍须行动|世界树根桥旁一条细根长进住户门槛，老人走路被绊，孩子说根会在夜里发光。在名为“树根堵门”的记忆里，城镇没有因此停摆，真正动摇的是人们能否承认自身安宁由谁负重。恐惧提醒人保存自己，也会诱使人把陌生者先写成危险；“树根堵门”使这层代价再也无法藏回惯例之中。|体>智:我会先铺平门槛让老人安全出入。这份选择承认，伤痛不会因目标正确便失去重量，具体生命必须先被接住；我接受理性暂时得不到整齐答案。|精>敏:我无愧于问树精是否同意移根，不硬砍这一选择。沉默不等于同意，让当事人保有声音才使善意不至于越界；我接受错过最快的时机。|力>感:我会直接切掉绊脚的根段。这份选择承认，无法两全时仍须有人署名定夺，责任不能被推给更弱者；我接受某些细节会留在暗处。|智>体:我无愧于测根生长方向后改门框这一选择。未经核实的确信只会让错误披上正义外衣，事实必须先于结论；我接受生存保障暂时后退。|敏>精:我会另开侧门，暂不研究细根。这份选择承认，旧路已经制造眼前困局，改变方向才能为未来保留新的出口；我接受关系会留下裂痕。|感>力:我无愧于夜里观察发光与生长，再动工这一选择。真相常藏在不合常理的小处，细微异常也可能保存完整证词；我接受放下强行定夺的权力。
巡游者迟归·没有清白的捷径|巡游者约好黄昏回驿亭，天黑仍未到；他的地图和晚餐都留在桌上。在“巡游者迟归”映出的裂隙中，小镇赖以维系的秩序在此显出裂口，便利从来不是平均落在每个人身上。当倒影被命名为“巡游者迟归”，各方都握有足以自辩的理由，真正留下的只是决定者愿不愿亲自承担损失。|体>精:我接受关系会留下裂痕。我仍选择组织人去最近险路接应，不先查账，因为所有宏大目标最终都要由会疲惫、会受伤的身体承担。|精>力:联系熟识伙伴问行程，不惊动全镇。我看破了这一层：沉默不等于同意，让当事人保有声音才使善意不至于越界；我接受放下强行定夺的权力。|力>智:我接受理性暂时得不到整齐答案。我仍选择敲响失踪警铃，立刻封锁出发路，因为伤害若不被明确拒绝，退让便会成为下一次伤害的许可。|智>敏:核他接的委托和预计路程再搜。我看破了这一层：未经核实的确信只会让错误披上正义外衣，事实必须先于结论；我接受错过最快的时机。|敏>感:我接受某些细节会留在暗处。我仍选择沿最短路追去，暂不查物品，因为时机本身就是因果，迟到的正确无法挽回已经发生的损失。|感>体:检查桌上泥印与地图折角，再选路。我看破了这一层：真相常藏在不合常理的小处，细微异常也可能保存完整证词；我接受生存保障暂时后退。
集市破伞·未来向现在索债|伞匠刚卖出的伞一开就断，买主的包裹被淋湿；伞匠说是大风造成，不肯赔。“集市破伞”没有留下裁决，只让这一事实显露出来：看似寻常的安排把共同生活的根基暴露出来，规则会保护一些人，也会把另一些人留在门外。透过“集市破伞”，片段把被忽略之物推到眼前：承诺与新知发生冲突后，忠诚不再是服从，而是敢于重新审视最初的誓言。|体>敏:面对这段倒影，我选择先替买主烘干包裹，赔偿后算。所有宏大目标最终都要由会疲惫、会受伤的身体承担；我接受行动不得不慢下来。|精>感:共同承担不是把代价摊薄，而是不让最沉默的人独自负重。因此我选择请两人共同检查，避免当街吵；我接受直觉仍在发出相反提醒。|力>体:面对这段倒影，我选择要求退伞款和湿货损失。伤害若不被明确拒绝，退让便会成为下一次伤害的许可；我接受眼前安稳不再优先。|智>精:未经核实的确信只会让错误披上正义外衣，事实必须先于结论。因此我选择按风速和伞骨质量核赔偿；我接受和解不会立刻到来。|敏>力:面对这段倒影，我选择赶去找同批伞测试，暂不看这把。时机本身就是因果，迟到的正确无法挽回已经发生的损失；我接受边界不能立刻建立。|感>智:真相常藏在不合常理的小处，细微异常也可能保存完整证词。因此我选择辨断口新旧与使用痕迹；我接受因果尚未完全查清。
学徒值班表·同情不能代为决定|两名学徒都在同一日被排了夜班，一人明早参加升阶考试，另一人家里有病人。日复一日的惯例忽然要求一个具体的人承担代价，习惯因此不再等同于正当；这正是“学徒值班表”无法替任何人抹去的部分。照料身体、守住关系、执行意志、辨明因果、抓住时机与洞察隐情无法同时圆满；自“学徒值班表”发生以后，沉默也带有了方向。|体>力:我无愧于让照顾病人的学徒回家，考试者值班这一选择。伤痛不会因目标正确便失去重量，具体生命必须先被接住；我接受边界不能立刻建立。|精>智:我会问两人能否互换半夜，不硬定。这份选择承认，沉默不等于同意，让当事人保有声音才使善意不至于越界；我接受因果尚未完全查清。|力>敏:我无愧于导师自己补班，取消学徒夜班这一选择。无法两全时仍须有人署名定夺，责任不能被推给更弱者；我接受行动不得不慢下来。|智>感:我会查全周工时后重新排班。这份选择承认，未经核实的确信只会让错误披上正义外衣，事实必须先于结论；我接受直觉仍在发出相反提醒。|敏>体:我无愧于临时找替班人，暂不审原表这一选择。完美方案若永远停在准备中，便只是逃避行动的体面名字；我接受眼前安稳不再优先。|感>精:我会核谁写错班次以及已有承诺。这份选择承认，真相常藏在不合常理的小处，细微异常也可能保存完整证词；我接受和解不会立刻到来。
公会门槛税·边界之内的勇气|城门临时加收小额通行费，卖菜老人手里只够买返程面包，守卫按章收费。“公会门槛税”让旁观者无从退回无知，因为众人熟悉的生活仍在继续，但被忽略的损失已经证明安稳也可能建立在沉默之上。“公会门槛税”最终保存的不是答案，而是这项无法回避的事实：规则能够保持一致，却无法保证每个被规则触及的人都受到公正对待。|体>感:替老人垫费让他先过，条款后查。我看破了这一层：所有宏大目标最终都要由会疲惫、会受伤的身体承担；我接受仍有隐情未被辨明。|精>体:我接受身体与资源要承受额外压力。我仍选择请守卫体谅并解释用途，因为沉默不等于同意，让当事人保有声音才使善意不至于越界。|力>精:要求暂停临时收费，现场争议。我看破了这一层：伤害若不被明确拒绝，退让便会成为下一次伤害的许可；我接受这份决定无法让所有人心安。|智>力:我接受暂不以强力终结争执。我仍选择查公告生效日，老人暂候，因为未经核实的确信只会让错误披上正义外衣，事实必须先于结论。|敏>智:带老人走免费侧门，不查规定。我看破了这一层：完美方案若永远停在准备中，便只是逃避行动的体面名字；我接受这未必是计算中的最优解。|感>敏:我接受变通空间随之缩小。我仍选择核对印章与收费册，先不动身，因为真相常藏在不合常理的小处，细微异常也可能保存完整证词。
猫耳姑娘的篮子·问心无愧的代价|猫耳姑娘提着药篮赶路，有人误把她的尾巴当成装饰拉了一下，她惊得撒了半篮药。在名为“猫耳姑娘的篮子”的记忆里，城镇没有因此停摆，真正动摇的是人们能否承认自身安宁由谁负重。恐惧提醒人保存自己，也会诱使人把陌生者先写成危险；“猫耳姑娘的篮子”使这层代价再也无法藏回惯例之中。|体>智:伤痛不会因目标正确便失去重量，具体生命必须先被接住。因此我选择先扶她检查伤处，不查药价；我接受这未必是计算中的最优解。|精>敏:面对这段倒影，我选择先请冒犯者道歉，留她决定是否接受。关系不是结果之后的装饰，被理解本身就是不可替代的需要；我接受变通空间随之缩小。|力>感:伤害若不被明确拒绝，退让便会成为下一次伤害的许可。因此我选择先阻止冒犯者离开，要求负责；我接受仍有隐情未被辨明。|智>体:面对这段倒影，我选择先清点药材损失和污染。眼前有效不等于长久正确，未被计算的后果终会从未来回来索债；我接受身体与资源要承受额外压力。|敏>精:完美方案若永远停在准备中，便只是逃避行动的体面名字。因此我选择先捡未沾泥的药，暂不查种类；我接受这份决定无法让所有人心安。|感>力:面对这段倒影，我选择先问她哪里疼、哪些药不能碰。表面的安静不能证明没有伤害，未被看见的后果仍会找到承担者；我接受暂不以强力终结争执。
窗台归巢鸟·秩序的余数|信屋窗台来了一只受伤归巢鸟，脚环写着公会紧急编号，封信仍绑在腿上。在“窗台归巢鸟”映出的裂隙中，看似寻常的安排把共同生活的根基暴露出来，规则会保护一些人，也会把另一些人留在门外。当倒影被命名为“窗台归巢鸟”，各方都握有足以自辩的理由，真正留下的只是决定者愿不愿亲自承担损失。|体>精:我会先包扎鸟腿，消息晚一点。这份选择承认，伤痛不会因目标正确便失去重量，具体生命必须先被接住；我接受这份决定无法让所有人心安。|精>力:我无愧于请信屋人安抚鸟，再取信这一选择。关系不是结果之后的装饰，被理解本身就是不可替代的需要；我接受暂不以强力终结争执。|力>智:我会立刻取下急信交前台。这份选择承认，无法两全时仍须有人署名定夺，责任不能被推给更弱者；我接受这未必是计算中的最优解。|智>敏:我无愧于核编号和封签再拆，鸟暂等这一选择。未经核实的确信只会让错误披上正义外衣，事实必须先于结论；我接受变通空间随之缩小。|敏>感:我会让另一只纸鹤代送编号，不细查伤。这份选择承认，旧路已经制造眼前困局，改变方向才能为未来保留新的出口；我接受仍有隐情未被辨明。|感>体:我无愧于辨脚环泥土与伤口，判断来路这一选择。真相常藏在不合常理的小处，细微异常也可能保存完整证词；我接受身体与资源要承受额外压力。
清晨磨刀声·善意的边界|铁匠清晨磨刀吵醒隔壁夜班医师，铁匠说白天订单排满。“清晨磨刀声”没有留下裁决，只让这一事实显露出来：日复一日的惯例忽然要求一个具体的人承担代价，习惯因此不再等同于正当。透过“清晨磨刀声”，片段把被忽略之物推到眼前：承诺与新知发生冲突后，忠诚不再是服从，而是敢于重新审视最初的誓言。|体>敏:我接受错过最快的时机。我仍选择让医师先补觉，铁匠晚开工，因为所有宏大目标最终都要由会疲惫、会受伤的身体承担。|精>感:请两人商定隔音时段。我看破了这一层：共同承担不是把代价摊薄，而是不让最沉默的人独自负重；我接受某些细节会留在暗处。|力>体:我接受生存保障暂时后退。我仍选择要求铁匠立即停磨，订单延期，因为伤害若不被明确拒绝，退让便会成为下一次伤害的许可。|智>精:核工时与噪音，设计轮班。我看破了这一层：未经核实的确信只会让错误披上正义外衣，事实必须先于结论；我接受关系会留下裂痕。|敏>力:我接受放下强行定夺的权力。我仍选择搬磨刀台去后院，不先测声，因为完美方案若永远停在准备中，便只是逃避行动的体面名字。|感>智:找出最响的磨盘，先不搬台。我看破了这一层：真相常藏在不合常理的小处，细微异常也可能保存完整证词；我接受理性暂时得不到整齐答案。
小孩的怪物画·无人签名的代价|孩子画出草原上有三只角的兽，巡游者说此兽只有两角。孩子坚持真见过，村长想当作玩笑。众人熟悉的生活仍在继续，但被忽略的损失已经证明安稳也可能建立在沉默之上；这正是“小孩的怪物画”无法替任何人抹去的部分。照料身体、守住关系、执行意志、辨明因果、抓住时机与洞察隐情无法同时圆满；自“小孩的怪物画”发生以后，沉默也带有了方向。|体>力:面对这段倒影，我选择先提醒放牧人避开那片草地，不等查证。脆弱不是被排到最后的理由，保护生命正是责任最先抵达之处；我接受放下强行定夺的权力。|精>智:共同承担不是把代价摊薄，而是不让最沉默的人独自负重。因此我选择认真听孩子描述，不让人嘲笑；我接受理性暂时得不到整齐答案。|力>敏:面对这段倒影，我选择暂封草地入口，打断放牧。伤害若不被明确拒绝，退让便会成为下一次伤害的许可；我接受错过最快的时机。|智>感:眼前有效不等于长久正确，未被计算的后果终会从未来回来索债。因此我选择比对兽类图鉴与画中比例；我接受某些细节会留在暗处。|敏>体:面对这段倒影，我选择马上去草地找兽，不先问孩子。完美方案若永远停在准备中，便只是逃避行动的体面名字；我接受生存保障暂时后退。|感>精:真相常藏在不合常理的小处，细微异常也可能保存完整证词。因此我选择查画上的地形与足印细节；我接受关系会留下裂痕。
豆汤少盐·被多数遗忘的人|食堂厨师尝不出咸味，今天豆汤却被所有人说太咸；他刚从熔炉边回来。“豆汤少盐”让旁观者无从退回无知，因为城镇没有因此停摆，真正动摇的是人们能否承认自身安宁由谁负重。“豆汤少盐”最终保存的不是答案，而是这项无法回避的事实：规则能够保持一致，却无法保证每个被规则触及的人都受到公正对待。|体>感:我无愧于先停发汤给大家喝水，暂不找原因这一选择。伤痛不会因目标正确便失去重量，具体生命必须先被接住；我接受直觉仍在发出相反提醒。|精>体:我会请厨师休息并说明，不当众责怪。这份选择承认，沉默不等于同意，让当事人保有声音才使善意不至于越界；我接受眼前安稳不再优先。|力>精:我无愧于倒掉重做，不让这一锅上桌这一选择。无法两全时仍须有人署名定夺，责任不能被推给更弱者；我接受和解不会立刻到来。|智>力:我会测盐量和厨师味觉，延后饭点。这份选择承认，未经核实的确信只会让错误披上正义外衣，事实必须先于结论；我接受边界不能立刻建立。|敏>智:我无愧于快速兑清汤补救，不先查盐罐这一选择。时机本身就是因果，迟到的正确无法挽回已经发生的损失；我接受因果尚未完全查清。|感>敏:我会核盐罐与尝味人的反馈。这份选择承认，真相常藏在不合常理的小处，细微异常也可能保存完整证词；我接受行动不得不慢下来。
驿站伪票·真相应付的账|驿站票面真、背面印章假，一名赶去探病的旅人已坐上车。检票员想半路请他下车。在名为“驿站伪票”的记忆里，小镇赖以维系的秩序在此显出裂口，便利从来不是平均落在每个人身上。恐惧提醒人保存自己，也会诱使人把陌生者先写成危险；“驿站伪票”使这层代价再也无法藏回惯例之中。|体>智:先让旅人到安全站点再核票。我看破了这一层：伤痛不会因目标正确便失去重量，具体生命必须先被接住；我接受因果尚未完全查清。|精>敏:我接受行动不得不慢下来。我仍选择问旅人如何得票，暂不指控，因为沉默不等于同意，让当事人保有声音才使善意不至于越界。|力>感:立即停票并查售票口。我看破了这一层：伤害若不被明确拒绝，退让便会成为下一次伤害的许可；我接受直觉仍在发出相反提醒。|智>体:我接受眼前安稳不再优先。我仍选择比对印章批次，车上人暂等，因为眼前有效不等于长久正确，未被计算的后果终会从未来回来索债。|敏>精:派信使追卖票人，暂不重验票。我看破了这一层：时机本身就是因果，迟到的正确无法挽回已经发生的损失；我接受和解不会立刻到来。|感>力:我接受边界不能立刻建立。我仍选择看票背水印和压痕，先不追人，因为真相常藏在不合常理的小处，细微异常也可能保存完整证词。
树精丢果·自由留下的伤口|树精背的果袋破了，果子滚进人类摊主筐里，摊主以为是顾客买下的货。在“树精丢果”映出的裂隙中，看似寻常的安排把共同生活的根基暴露出来，规则会保护一些人，也会把另一些人留在门外。当倒影被命名为“树精丢果”，各方都握有足以自辩的理由，真正留下的只是决定者愿不愿亲自承担损失。|体>精:所有宏大目标最终都要由会疲惫、会受伤的身体承担。因此我选择先把果子还树精，不逐颗算账；我接受和解不会立刻到来。|精>力:面对这段倒影，我选择请懂树语者翻译，暂不争筐。共同承担不是把代价摊薄，而是不让最沉默的人独自负重；我接受边界不能立刻建立。|力>智:无法两全时仍须有人署名定夺，责任不能被推给更弱者。因此我选择先拦摊主别卖这筐果；我接受因果尚未完全查清。|智>敏:面对这段倒影，我选择按果形与数量对账再归还。眼前有效不等于长久正确，未被计算的后果终会从未来回来索债；我接受行动不得不慢下来。|敏>感:时机本身就是因果，迟到的正确无法挽回已经发生的损失。因此我选择赶在售出前把混入的果子挑出；我接受直觉仍在发出相反提醒。|感>体:面对这段倒影，我选择查果袋破口和筐里叶片。真相常藏在不合常理的小处，细微异常也可能保存完整证词；我接受眼前安稳不再优先。
晚钟敲早了·职责之外|钟楼学徒把宵禁钟提前敲了半刻，街上店铺匆忙关门；守卫已经开始劝人回家。“晚钟敲早了”没有留下裁决，只让这一事实显露出来：日复一日的惯例忽然要求一个具体的人承担代价，习惯因此不再等同于正当。透过“晚钟敲早了”，片段把被忽略之物推到眼前：承诺与新知发生冲突后，忠诚不再是服从，而是敢于重新审视最初的誓言。|体>敏:我会先让夜行者有安全归路，时间后核。这份选择承认，伤痛不会因目标正确便失去重量，具体生命必须先被接住；我接受变通空间随之缩小。|精>感:我无愧于请守卫向商户解释误钟，不斥责学徒这一选择。沉默不等于同意，让当事人保有声音才使善意不至于越界；我接受仍有隐情未被辨明。|力>体:我会立即撤回宵禁命令。这份选择承认，无法两全时仍须有人署名定夺，责任不能被推给更弱者；我接受身体与资源要承受额外压力。|智>精:我无愧于对照日晷与刻漏确认准确时辰这一选择。未经核实的确信只会让错误披上正义外衣，事实必须先于结论；我接受这份决定无法让所有人心安。|敏>力:我会跑各街通知店铺重开，暂不查钟。这份选择承认，时机本身就是因果，迟到的正确无法挽回已经发生的损失；我接受暂不以强力终结争执。|感>智:我无愧于查钟绳和学徒记录，先别传话这一选择。真相常藏在不合常理的小处，细微异常也可能保存完整证词；我接受这未必是计算中的最优解。
蜡烛换药·胜利之后|夜市有人用一盒防风蜡烛换走病人备用药，双方都同意；药师说那药离开药柜会失效。众人熟悉的生活仍在继续，但被忽略的损失已经证明安稳也可能建立在沉默之上；这正是“蜡烛换药”无法替任何人抹去的部分。照料身体、守住关系、执行意志、辨明因果、抓住时机与洞察隐情无法同时圆满；自“蜡烛换药”发生以后，沉默也带有了方向。|体>力:我接受暂不以强力终结争执。我仍选择先把药送回冷柜，不顾交易心情，因为伤痛不会因目标正确便失去重量，具体生命必须先被接住。|精>智:请双方重新谈条件，不强夺蜡烛。我看破了这一层：共同承担不是把代价摊薄，而是不让最沉默的人独自负重；我接受这未必是计算中的最优解。|力>敏:我接受变通空间随之缩小。我仍选择宣布交易无效并追回药，因为无法两全时仍须有人署名定夺，责任不能被推给更弱者。|智>感:查药的保存时限，病人暂等。我看破了这一层：未经核实的确信只会让错误披上正义外衣，事实必须先于结论；我接受仍有隐情未被辨明。|敏>体:我接受身体与资源要承受额外压力。我仍选择立刻找新药替换，不先测旧药，因为时机本身就是因果，迟到的正确无法挽回已经发生的损失。|感>精:检查药瓶温度和封口。我看破了这一层：真相常藏在不合常理的小处，细微异常也可能保存完整证词；我接受这份决定无法让所有人心安。
