草原两头兽·沉默的共谋|草原环带同时冲来两头根冠兽，一头奔向商队，一头挡住逃生路。队伍只能先拦一头。“草原两头兽”让旁观者无从退回无知，因为战场把犹豫称作软弱，也把仓促称作勇敢，唯有后果会拆穿这些名字。“草原两头兽”最终保存的不是答案，而是这项无法回避的事实：眼前最有效的办法也许会制造更久远的债，未来终会向此刻索取解释。|体>感:面对这段倒影，我选择先挡奔向商队的，放弃追击另一头。脆弱不是被排到最后的理由，保护生命正是责任最先抵达之处；我接受某些细节会留在暗处。|精>体:共同承担不是把代价摊薄，而是不让最沉默的人独自负重。因此我选择先喊队友分工，错过冲刺先机；我接受生存保障暂时后退。|力>精:面对这段倒影，我选择直接击退挡路的，不查兽群后援。力量的正当不由胜负证明，而由它愿意在哪里停止证明；我接受关系会留下裂痕。|智>力:未经核实的确信只会让错误披上正义外衣，事实必须先于结论。因此我选择算两兽距离再定目标，自己多冒险；我接受放下强行定夺的权力。|敏>智:面对这段倒影，我选择先引开挡路兽，让商队自行稳住。完美方案若永远停在准备中，便只是逃避行动的体面名字；我接受理性暂时得不到整齐答案。|感>敏:真相常藏在不合常理的小处，细微异常也可能保存完整证词。因此我选择辨哪头在虚张声势，暂不出刀；我接受错过最快的时机。
洞口受伤的哥布林·无法平分的正义|密林洞口一只哥布林放下木棒示意投降，队友认出它参与过袭击。在名为“洞口受伤的哥布林”的记忆里，生死迫近时每个理由都显得充分，真正的分界落在力量愿意在哪里停下。效率缩短了等待，却常把无法跟上速度的人变成应被淘汰的错误；“洞口受伤的哥布林”使这层代价再也无法藏回惯例之中。|体>智:我无愧于先处理它的伤，押送慢些这一选择。伤痛不会因目标正确便失去重量，具体生命必须先被接住；我接受理性暂时得不到整齐答案。|精>敏:我会让它说明同伴去向，不立刻捆绑。这份选择承认，沉默不等于同意，让当事人保有声音才使善意不至于越界；我接受错过最快的时机。|力>感:我无愧于解除武装押送，暂不听解释这一选择。力量的正当不由胜负证明，而由它愿意在哪里停止证明；我接受某些细节会留在暗处。|智>体:我会核它是否仍有伏击手段，队伍停在险处。这份选择承认，未经核实的确信只会让错误披上正义外衣，事实必须先于结论；我接受生存保障暂时后退。|敏>精:我无愧于迅速带离洞口，不先审身份这一选择。时机本身就是因果，迟到的正确无法挽回已经发生的损失；我接受关系会留下裂痕。|感>力:我会查木棒血迹与脚印，再决定押送。这份选择承认，真相常藏在不合常理的小处，细微异常也可能保存完整证词；我接受放下强行定夺的权力。
桥下的第二声·记忆的所有权|护送战里桥下传来第二声求救，第一名伤员还没包扎完，魔物正在撤退。在“桥下的第二声”映出的裂隙中，敌我的称谓遮住了许多具体生命，胜利若不接受追问，便会把必要变成习惯。当倒影被命名为“桥下的第二声”，两全只是尚未看见代价落在谁身上，拒绝选择同样会替现实完成选择。|体>精:继续包扎眼前伤员，不追魔物。我看破了这一层：伤痛不会因目标正确便失去重量，具体生命必须先被接住；我接受关系会留下裂痕。|精>力:我接受放下强行定夺的权力。我仍选择请队友接手伤员再下桥，因为共同承担不是把代价摊薄，而是不让最沉默的人独自负重。|力>智:追击撤退魔物，暂离伤员。我看破了这一层：力量的正当不由胜负证明，而由它愿意在哪里停止证明；我接受理性暂时得不到整齐答案。|智>敏:我接受错过最快的时机。我仍选择判定桥下声源与伏击可能，因为眼前有效不等于长久正确，未被计算的后果终会从未来回来索债。|敏>感:立刻滑下桥救第二人，不细查。我看破了这一层：时机本身就是因果，迟到的正确无法挽回已经发生的损失；我接受某些细节会留在暗处。|感>体:我接受生存保障暂时后退。我仍选择听清第二声方向，暂不追击，因为真相常藏在不合常理的小处，细微异常也可能保存完整证词。
盾牌上的裂纹·活下来的重量|首领战前，队友的盾牌有一道新裂纹，他说还能挡一次。“盾牌上的裂纹”没有留下裁决，只让这一事实显露出来：荒野不审判任何人，但活着离开的人仍要携带自己作出的取舍。透过“盾牌上的裂纹”，片段把被忽略之物推到眼前：看见因果并不会使双手清白，只会让选择者更难声称自己并不知情。|体>敏:所有宏大目标最终都要由会疲惫、会受伤的身体承担。因此我选择换备用盾，延后进攻；我接受行动不得不慢下来。|精>感:面对这段倒影，我选择尊重他的判断但安排后援。共同承担不是把代价摊薄，而是不让最沉默的人独自负重；我接受直觉仍在发出相反提醒。|力>体:力量的正当不由胜负证明，而由它愿意在哪里停止证明。因此我选择先打断首领施法，减少挡盾机会；我接受眼前安稳不再优先。|智>精:面对这段倒影，我选择测裂纹受力，队伍在原地等。未经核实的确信只会让错误披上正义外衣，事实必须先于结论；我接受和解不会立刻到来。|敏>力:旧路已经制造眼前困局，改变方向才能为未来保留新的出口。因此我选择改为侧翼闪避阵，不查盾裂；我接受边界不能立刻建立。|感>智:面对这段倒影，我选择细看裂纹是否被腐蚀，先不鼓舞。真相常藏在不合常理的小处，细微异常也可能保存完整证词；我接受因果尚未完全查清。
箭袋误装·承诺的背面|猎户出发后发现箭袋里混了三支哨箭，发射会暴露位置。刀锋能够决定胜负，却不能替幸存者回答何种胜利仍值得带回人间；这正是“箭袋误装”无法替任何人抹去的部分。每条道路都会舍弃一种可能；自“箭袋误装”发生以后，沉默也带有了方向。|体>力:我会先把队伍藏稳，不急于射击。这份选择承认，所有宏大目标最终都要由会疲惫、会受伤的身体承担；我接受边界不能立刻建立。|精>智:我无愧于提醒伙伴别责怪装箭学徒这一选择。共同承担不是把代价摊薄，而是不让最沉默的人独自负重；我接受因果尚未完全查清。|力>敏:我会把哨箭折断，只留实箭。这份选择承认，无法两全时仍须有人署名定夺，责任不能被推给更弱者；我接受行动不得不慢下来。|智>感:我无愧于规划哪一箭可用于求援，暂伏原地这一选择。规则若不计算沉默者承担的代价，精确也会成为稳定重复错误的工具；我接受直觉仍在发出相反提醒。|敏>体:我会悄悄换到后排箭袋，不做方案。这份选择承认，旧路已经制造眼前困局，改变方向才能为未来保留新的出口；我接受眼前安稳不再优先。|感>精:我无愧于摸出哨箭羽色逐支分开这一选择。表面的安静不能证明没有伤害，未被看见的后果仍会找到承担者；我接受和解不会立刻到来。
受惊的坐骑·看见而不占有|山路战斗刚结束，坐骑被法术惊得踢伤车夫，前方还有一只魔物。“受惊的坐骑”让旁观者无从退回无知，因为战场把犹豫称作软弱，也把仓促称作勇敢，唯有后果会拆穿这些名字。“受惊的坐骑”最终保存的不是答案，而是这项无法回避的事实：眼前最有效的办法也许会制造更久远的债，未来终会向此刻索取解释。|体>感:我接受仍有隐情未被辨明。我仍选择扶车夫止血，暂不杀魔物，因为伤痛不会因目标正确便失去重量，具体生命必须先被接住。|精>体:安抚坐骑并请队友守前方。我看破了这一层：关系不是结果之后的装饰，被理解本身就是不可替代的需要；我接受身体与资源要承受额外压力。|力>精:我接受这份决定无法让所有人心安。我仍选择先击退魔物，坐骑继续受惊，因为力量的正当不由胜负证明，而由它愿意在哪里停止证明。|智>力:判断法术残留是否仍影响坐骑。我看破了这一层：眼前有效不等于长久正确，未被计算的后果终会从未来回来索债；我接受暂不以强力终结争执。|敏>智:我接受这未必是计算中的最优解。我仍选择迅速牵车绕开，暂不追残留，因为时机本身就是因果，迟到的正确无法挽回已经发生的损失。|感>敏:观察坐骑眼神与魔物距离再行动。我看破了这一层：真相常藏在不合常理的小处，细微异常也可能保存完整证词；我接受变通空间随之缩小。
夜巡误认·选择者的债|雾里一道披甲身影举矛靠近，队友准备攻击，一名冒险者看见对方腰间有公会铃。在名为“夜巡误认”的记忆里，生死迫近时每个理由都显得充分，真正的分界落在力量愿意在哪里停下。效率缩短了等待，却常把无法跟上速度的人变成应被淘汰的错误；“夜巡误认”使这层代价再也无法藏回惯例之中。|体>智:面对这段倒影，我选择先挡队友的第一击，不验证铃。脆弱不是被排到最后的理由，保护生命正是责任最先抵达之处；我接受这未必是计算中的最优解。|精>敏:共同承担不是把代价摊薄，而是不让最沉默的人独自负重。因此我选择喊对方报姓名，暂不进攻；我接受变通空间随之缩小。|力>感:面对这段倒影，我选择命令双方放下武器，冒信任风险。无法两全时仍须有人署名定夺，责任不能被推给更弱者；我接受仍有隐情未被辨明。|智>体:未经核实的确信只会让错误披上正义外衣，事实必须先于结论。因此我选择用约定口令核身份，距离更近；我接受身体与资源要承受额外压力。|敏>精:面对这段倒影，我选择带队退到灯下，不辨铃真假。完美方案若永远停在准备中，便只是逃避行动的体面名字；我接受这份决定无法让所有人心安。|感>力:表面的安静不能证明没有伤害，未被看见的后果仍会找到承担者。因此我选择指出铃的纹样并确认步态；我接受暂不以强力终结争执。
地窟回火·规则照不到的地方|地窟魔物死后仍喷出余火，队友正弯腰捡掉落物。在“地窟回火”映出的裂隙中，敌我的称谓遮住了许多具体生命，胜利若不接受追问，便会把必要变成习惯。当倒影被命名为“地窟回火”，两全只是尚未看见代价落在谁身上，拒绝选择同样会替现实完成选择。|体>精:我无愧于拉队友离开火圈，不查战利品这一选择。脆弱不是被排到最后的理由，保护生命正是责任最先抵达之处；我接受这份决定无法让所有人心安。|精>力:我会喊大家别互相抢物，先退后。这份选择承认，共同承担不是把代价摊薄，而是不让最沉默的人独自负重；我接受暂不以强力终结争执。|力>智:我无愧于用土封住火口，不分析成因这一选择。伤害若不被明确拒绝，退让便会成为下一次伤害的许可；我接受这未必是计算中的最优解。|智>敏:我会判断余火周期，站位稍冒险。这份选择承认，眼前有效不等于长久正确，未被计算的后果终会从未来回来索债；我接受变通空间随之缩小。|敏>感:我无愧于跃入拿回队友背包，再撤这一选择。完美方案若永远停在准备中，便只是逃避行动的体面名字；我接受仍有隐情未被辨明。|感>体:我会盯尸体气孔，确认是否二次喷火。这份选择承认，表面的安静不能证明没有伤害，未被看见的后果仍会找到承担者；我接受身体与资源要承受额外压力。
盗匪丢下粮袋·怜悯与尊严|追捕盗匪时他扔下一袋被偷的粮，自己逃向树林；失主就在后方。“盗匪丢下粮袋”没有留下裁决，只让这一事实显露出来：荒野不审判任何人，但活着离开的人仍要携带自己作出的取舍。透过“盗匪丢下粮袋”，片段把被忽略之物推到眼前：看见因果并不会使双手清白，只会让选择者更难声称自己并不知情。|体>敏:先把粮送回饥饿村民，不追人。我看破了这一层：所有宏大目标最终都要由会疲惫、会受伤的身体承担；我接受错过最快的时机。|精>感:我接受某些细节会留在暗处。我仍选择问失主想先追回人还是粮，因为沉默不等于同意，让当事人保有声音才使善意不至于越界。|力>体:继续追盗匪，粮暂无人看。我看破了这一层：无法两全时仍须有人署名定夺，责任不能被推给更弱者；我接受生存保障暂时后退。|智>精:我接受关系会留下裂痕。我仍选择判断粮袋是否诱饵，暂缓回应失主，因为眼前有效不等于长久正确，未被计算的后果终会从未来回来索债。|敏>力:分一人抄近路追，不查粮。我看破了这一层：时机本身就是因果，迟到的正确无法挽回已经发生的损失；我接受放下强行定夺的权力。|感>智:我接受理性暂时得不到整齐答案。我仍选择检查袋中是否混入毒饵，因为真相常藏在不合常理的小处，细微异常也可能保存完整证词。
弓弦突然断·被推迟的后果|练习场对打时伙伴弓弦断裂，箭仍朝观众席弹去。刀锋能够决定胜负，却不能替幸存者回答何种胜利仍值得带回人间；这正是“弓弦突然断”无法替任何人抹去的部分。每条道路都会舍弃一种可能；自“弓弦突然断”发生以后，沉默也带有了方向。|体>力:脆弱不是被排到最后的理由，保护生命正是责任最先抵达之处。因此我选择用身体挡箭，顾不上闪避；我接受放下强行定夺的权力。|精>智:面对这段倒影，我选择高喊观众伏低，不抢弓。共同承担不是把代价摊薄，而是不让最沉默的人独自负重；我接受理性暂时得不到整齐答案。|力>敏:无法两全时仍须有人署名定夺，责任不能被推给更弱者。因此我选择劈断飞箭，不算落点；我接受错过最快的时机。|智>感:面对这段倒影，我选择预判箭落区并指挥避让。眼前有效不等于长久正确，未被计算的后果终会从未来回来索债；我接受某些细节会留在暗处。|敏>体:完美方案若永远停在准备中，便只是逃避行动的体面名字。因此我选择飞身推开前排观众；我接受生存保障暂时后退。|感>精:面对这段倒影，我选择看清弹箭方向再提醒。真相常藏在不合常理的小处，细微异常也可能保存完整证词；我接受关系会留下裂痕。
首领的空档·不可替代之物|首领露出一瞬破绽，但队友治疗术尚未落下，前排只剩半血。“首领的空档”让旁观者无从退回无知，因为战场把犹豫称作软弱，也把仓促称作勇敢，唯有后果会拆穿这些名字。“首领的空档”最终保存的不是答案，而是这项无法回避的事实：眼前最有效的办法也许会制造更久远的债，未来终会向此刻索取解释。|体>感:我会守住前排等治疗，错过空档。这份选择承认，伤痛不会因目标正确便失去重量，具体生命必须先被接住；我接受直觉仍在发出相反提醒。|精>体:我无愧于协调半队佯攻半队救人这一选择。共同承担不是把代价摊薄，而是不让最沉默的人独自负重；我接受眼前安稳不再优先。|力>精:我会全力突进，赌首领先倒。这份选择承认，无法两全时仍须有人署名定夺，责任不能被推给更弱者；我接受和解不会立刻到来。|智>力:我无愧于计算技能冷却再发令这一选择。未经核实的确信只会让错误披上正义外衣，事实必须先于结论；我接受边界不能立刻建立。|敏>智:我会派快手骚扰，不确认破绽真假。这份选择承认，时机本身就是因果，迟到的正确无法挽回已经发生的损失；我接受因果尚未完全查清。|感>敏:我无愧于辨破绽是否诱敌，暂不冲这一选择。真相常藏在不合常理的小处，细微异常也可能保存完整证词；我接受行动不得不慢下来。
狼群不追·答案消失以后|狼群吃饱后退出营地，年轻队员想追杀以免明夜再来。在名为“狼群不追”的记忆里，生死迫近时每个理由都显得充分，真正的分界落在力量愿意在哪里停下。效率缩短了等待，却常把无法跟上速度的人变成应被淘汰的错误；“狼群不追”使这层代价再也无法藏回惯例之中。|体>智:我接受因果尚未完全查清。我仍选择先修营地围栏，不追狼，因为所有宏大目标最终都要由会疲惫、会受伤的身体承担。|精>敏:安抚被吓的孩子，暂不议追捕。我看破了这一层：关系不是结果之后的装饰，被理解本身就是不可替代的需要；我接受行动不得不慢下来。|力>感:我接受直觉仍在发出相反提醒。我仍选择追到巢穴清除威胁，因为无法两全时仍须有人署名定夺，责任不能被推给更弱者。|智>体:评估再袭概率，营地暂不修。我看破了这一层：眼前有效不等于长久正确，未被计算的后果终会从未来回来索债；我接受眼前安稳不再优先。|敏>精:我接受和解不会立刻到来。我仍选择搬营到高地，不查狼群，因为完美方案若永远停在准备中，便只是逃避行动的体面名字。|感>力:追踪狼足迹但不攻击。我看破了这一层：表面的安静不能证明没有伤害，未被看见的后果仍会找到承担者；我接受边界不能立刻建立。
失踪侦察员的信号·必要之恶的名字|侦察员在山脊放了两束约定白烟，第三束却是红烟；下方战斗仍在进行。在“失踪侦察员的信号”映出的裂隙中，敌我的称谓遮住了许多具体生命，胜利若不接受追问，便会把必要变成习惯。当倒影被命名为“失踪侦察员的信号”，两全只是尚未看见代价落在谁身上，拒绝选择同样会替现实完成选择。|体>精:面对这段倒影，我选择先撤下暴露的伤员，不猜信号。伤痛不会因目标正确便失去重量，具体生命必须先被接住；我接受和解不会立刻到来。|精>力:沉默不等于同意，让当事人保有声音才使善意不至于越界。因此我选择向侦察员回应询问信号，不直接攻；我接受边界不能立刻建立。|力>智:面对这段倒影，我选择按红烟为敌袭立即支援。无法两全时仍须有人署名定夺，责任不能被推给更弱者；我接受因果尚未完全查清。|智>敏:未经核实的确信只会让错误披上正义外衣，事实必须先于结论。因此我选择核协议中红烟含义，耽误数息；我接受行动不得不慢下来。|敏>感:面对这段倒影，我选择派轻装队快速接应，暂不联络。时机本身就是因果，迟到的正确无法挽回已经发生的损失；我接受直觉仍在发出相反提醒。|感>体:真相常藏在不合常理的小处，细微异常也可能保存完整证词。因此我选择观察烟起点是否同一位置；我接受眼前安稳不再优先。
切磋胜后补刀·命运没有署名|切磋判胜的铜铃已响，对手却还在挥剑，旁观者喊一名冒险者反击。“切磋胜后补刀”没有留下裁决，只让这一事实显露出来：荒野不审判任何人，但活着离开的人仍要携带自己作出的取舍。透过“切磋胜后补刀”，片段把被忽略之物推到眼前：看见因果并不会使双手清白，只会让选择者更难声称自己并不知情。|体>敏:我无愧于护住自己并后退，不再进攻这一选择。脆弱不是被排到最后的理由，保护生命正是责任最先抵达之处；我接受变通空间随之缩小。|精>感:我会喊对手已结束，给他收剑机会。这份选择承认，共同承担不是把代价摊薄，而是不让最沉默的人独自负重；我接受仍有隐情未被辨明。|力>体:我无愧于击落他手中剑，立刻止势这一选择。力量的正当不由胜负证明，而由它愿意在哪里停止证明；我接受身体与资源要承受额外压力。|智>精:我会辨铃声是否被风盖过，再动。这份选择承认，眼前有效不等于长久正确，未被计算的后果终会从未来回来索债；我接受这份决定无法让所有人心安。|敏>力:我无愧于闪到裁判身后，不确认对手意图这一选择。完美方案若永远停在准备中，便只是逃避行动的体面名字；我接受暂不以强力终结争执。|感>智:我会注意对手是否失控而非故意。这份选择承认，表面的安静不能证明没有伤害，未被看见的后果仍会找到承担者；我接受这未必是计算中的最优解。
泥地里的药师·共同体的裂缝|救援战后药师陷在泥里，魔物还在远处挣扎；担架只有一副。刀锋能够决定胜负，却不能替幸存者回答何种胜利仍值得带回人间；这正是“泥地里的药师”无法替任何人抹去的部分。每条道路都会舍弃一种可能；自“泥地里的药师”发生以后，沉默也带有了方向。|体>力:先抬失血最多的人，不看身份。我看破了这一层：伤痛不会因目标正确便失去重量，具体生命必须先被接住；我接受暂不以强力终结争执。|精>智:我接受这未必是计算中的最优解。我仍选择请药师说他是否能站立，因为沉默不等于同意，让当事人保有声音才使善意不至于越界。|力>敏:先彻底击杀魔物，担架暂空。我看破了这一层：力量的正当不由胜负证明，而由它愿意在哪里停止证明；我接受变通空间随之缩小。|智>感:我接受仍有隐情未被辨明。我仍选择按伤情与路程排担架，因为眼前有效不等于长久正确，未被计算的后果终会从未来回来索债。|敏>体:让快腿背药师走，不细查伤势。我看破了这一层：时机本身就是因果，迟到的正确无法挽回已经发生的损失；我接受身体与资源要承受额外压力。|感>精:我接受这份决定无法让所有人心安。我仍选择检查泥里是否藏有陷坑，因为真相常藏在不合常理的小处，细微异常也可能保存完整证词。
野兽护幼·无辜者的价格|采药队遇上护幼的角兽，幼兽正卡在藤蔓里。队友想把成年兽击退再采药。“野兽护幼”让旁观者无从退回无知，因为战场把犹豫称作软弱，也把仓促称作勇敢，唯有后果会拆穿这些名字。“野兽护幼”最终保存的不是答案，而是这项无法回避的事实：眼前最有效的办法也许会制造更久远的债，未来终会向此刻索取解释。|体>感:脆弱不是被排到最后的理由，保护生命正是责任最先抵达之处。因此我选择先护住队友远离幼兽；我接受某些细节会留在暗处。|精>体:面对这段倒影，我选择用食物安抚成年兽，延后采药。关系不是结果之后的装饰，被理解本身就是不可替代的需要；我接受生存保障暂时后退。|力>精:无法两全时仍须有人署名定夺，责任不能被推给更弱者。因此我选择逼退成年兽再救幼兽；我接受关系会留下裂痕。|智>力:面对这段倒影，我选择找藤蔓受力点，队伍暂在兽旁。眼前有效不等于长久正确，未被计算的后果终会从未来回来索债；我接受放下强行定夺的权力。|敏>智:时机本身就是因果，迟到的正确无法挽回已经发生的损失。因此我选择绕到背后快速割藤，不先观察；我接受理性暂时得不到整齐答案。|感>敏:面对这段倒影，我选择看成年兽是否只在警告。真相常藏在不合常理的小处，细微异常也可能保存完整证词；我接受错过最快的时机。
山洞假脚印·有限中的承担|山洞入口的哥布林脚印通向死路，真正的风却从左侧吹出。在名为“山洞假脚印”的记忆里，生死迫近时每个理由都显得充分，真正的分界落在力量愿意在哪里停下。效率缩短了等待，却常把无法跟上速度的人变成应被淘汰的错误；“山洞假脚印”使这层代价再也无法藏回惯例之中。|体>智:我会先建安全营地，放慢搜救。这份选择承认，伤痛不会因目标正确便失去重量，具体生命必须先被接住；我接受理性暂时得不到整齐答案。|精>敏:我无愧于询问被救者同伴的记忆，不强探这一选择。沉默不等于同意，让当事人保有声音才使善意不至于越界；我接受错过最快的时机。|力>感:我会破开死路石墙，暂不查风。这份选择承认，无法两全时仍须有人署名定夺，责任不能被推给更弱者；我接受某些细节会留在暗处。|智>体:我无愧于推断洞内气流与暗道，受冷等待这一选择。眼前有效不等于长久正确，未被计算的后果终会从未来回来索债；我接受生存保障暂时后退。|敏>精:我会沿左侧裂隙快探，暂不画图。这份选择承认，时机本身就是因果，迟到的正确无法挽回已经发生的损失；我接受关系会留下裂痕。|感>力:我无愧于辨脚印新旧与气流来源这一选择。真相常藏在不合常理的小处，细微异常也可能保存完整证词；我接受放下强行定夺的权力。
矿井回声诱敌·身份与枷锁|矿井里传出队友声音叫一名冒险者下去，队友本人却就在身后。井口已经有落石。在“矿井回声诱敌”映出的裂隙中，敌我的称谓遮住了许多具体生命，胜利若不接受追问，便会把必要变成习惯。当倒影被命名为“矿井回声诱敌”，两全只是尚未看见代价落在谁身上，拒绝选择同样会替现实完成选择。|体>精:我接受关系会留下裂痕。我仍选择先带真队友退离井口，暂不辨声，因为所有宏大目标最终都要由会疲惫、会受伤的身体承担。|精>力:让队友确认谁还失踪，不强闯。我看破了这一层：共同承担不是把代价摊薄，而是不让最沉默的人独自负重；我接受放下强行定夺的权力。|力>智:我接受理性暂时得不到整齐答案。我仍选择封住井口，防回声魔物上来，因为伤害若不被明确拒绝，退让便会成为下一次伤害的许可。|智>敏:分析回声延迟与拟声术。我看破了这一层：未经核实的确信只会让错误披上正义外衣，事实必须先于结论；我接受错过最快的时机。|敏>感:我接受某些细节会留在暗处。我仍选择绕到检修井探路，暂不安抚，因为旧路已经制造眼前困局，改变方向才能为未来保留新的出口。|感>体:听两处声音的呼吸差别。我看破了这一层：真相常藏在不合常理的小处，细微异常也可能保存完整证词；我接受生存保障暂时后退。
战后分药·因果的盲区|小队胜利后只剩一瓶治疗剂，弓手轻伤、盾手重伤，但下一场可能需要弓手侦察。“战后分药”没有留下裁决，只让这一事实显露出来：荒野不审判任何人，但活着离开的人仍要携带自己作出的取舍。透过“战后分药”，片段把被忽略之物推到眼前：看见因果并不会使双手清白，只会让选择者更难声称自己并不知情。|体>敏:面对这段倒影，我选择给重伤盾手，不算下一战。伤痛不会因目标正确便失去重量，具体生命必须先被接住；我接受行动不得不慢下来。|精>感:沉默不等于同意，让当事人保有声音才使善意不至于越界。因此我选择问两人意愿并说明库存；我接受直觉仍在发出相反提醒。|力>体:面对这段倒影，我选择留药给下一场关键突击者。力量的正当不由胜负证明，而由它愿意在哪里停止证明；我接受眼前安稳不再优先。|智>精:规则若不计算沉默者承担的代价，精确也会成为稳定重复错误的工具。因此我选择按剩余战斗概率分配；我接受和解不会立刻到来。|敏>力:面对这段倒影，我选择先带盾手撤离，药暂不动。完美方案若永远停在准备中，便只是逃避行动的体面名字；我接受边界不能立刻建立。|感>智:真相常藏在不合常理的小处，细微异常也可能保存完整证词。因此我选择复查两人实际伤势再给；我接受因果尚未完全查清。
战利品归属·被保护者的意志|一只稀有魔物被两队同时击倒，一队先发现，另一队承担主要伤害。掉落的兽核只有一个。刀锋能够决定胜负，却不能替幸存者回答何种胜利仍值得带回人间；这正是“战利品归属”无法替任何人抹去的部分。每条道路都会舍弃一种可能；自“战利品归属”发生以后，沉默也带有了方向。|体>力:我无愧于先卖核给伤员付医药费这一选择。伤痛不会因目标正确便失去重量，具体生命必须先被接住；我接受边界不能立刻建立。|精>智:我会让两队公开协商，不立即拿走。这份选择承认，沉默不等于同意，让当事人保有声音才使善意不至于越界；我接受因果尚未完全查清。|力>敏:我无愧于判给承担主伤队，先结束争执这一选择。无法两全时仍须有人署名定夺，责任不能被推给更弱者；我接受行动不得不慢下来。|智>感:我会按贡献记录折价分收益。这份选择承认，未经核实的确信只会让错误披上正义外衣，事实必须先于结论；我接受直觉仍在发出相反提醒。|敏>体:我无愧于先封核送公会，暂不验击杀这一选择。完美方案若永远停在准备中，便只是逃避行动的体面名字；我接受眼前安稳不再优先。|感>精:我会核日志与最后伤害，不急送走。这份选择承认，真相常藏在不合常理的小处，细微异常也可能保存完整证词；我接受和解不会立刻到来。
哨塔弹药·时间拒绝归还|哨塔只有六支箭，夜里山道出现两只大怪和一群逃难者。“哨塔弹药”让旁观者无从退回无知，因为战场把犹豫称作软弱，也把仓促称作勇敢，唯有后果会拆穿这些名字。“哨塔弹药”最终保存的不是答案，而是这项无法回避的事实：眼前最有效的办法也许会制造更久远的债，未来终会向此刻索取解释。|体>感:先掩护逃难者上塔，暂不射怪。我看破了这一层：脆弱不是被排到最后的理由，保护生命正是责任最先抵达之处；我接受仍有隐情未被辨明。|精>体:我接受身体与资源要承受额外压力。我仍选择呼喊逃难者分散跑位，放慢射击，因为共同承担不是把代价摊薄，而是不让最沉默的人独自负重。|力>精:集中六箭击倒近处大怪。我看破了这一层：力量的正当不由胜负证明，而由它愿意在哪里停止证明；我接受这份决定无法让所有人心安。|智>力:我接受暂不以强力终结争执。我仍选择估箭程与怪速再分配，风险逼近，因为规则若不计算沉默者承担的代价，精确也会成为稳定重复错误的工具。|敏>智:留箭给追得最快的目标。我看破了这一层：时机本身就是因果，迟到的正确无法挽回已经发生的损失；我接受这未必是计算中的最优解。|感>敏:我接受变通空间随之缩小。我仍选择辨哪只怪真正盯着人，因为真相常藏在不合常理的小处，细微异常也可能保存完整证词。
训练场新手倒地·力量必须止步之处|训练场新手被打倒却说还能继续，教官正准备下一轮，旁边同伴发现他走路发飘。在名为“训练场新手倒地”的记忆里，生死迫近时每个理由都显得充分，真正的分界落在力量愿意在哪里停下。效率缩短了等待，却常把无法跟上速度的人变成应被淘汰的错误；“训练场新手倒地”使这层代价再也无法藏回惯例之中。|体>智:伤痛不会因目标正确便失去重量，具体生命必须先被接住。因此我选择立刻扶他休息，取消下一轮；我接受这未必是计算中的最优解。|精>敏:面对这段倒影，我选择问他是否因怕丢脸硬撑。沉默不等于同意，让当事人保有声音才使善意不至于越界；我接受变通空间随之缩小。|力>感:伤害若不被明确拒绝，退让便会成为下一次伤害的许可。因此我选择命令教官停练，不顾他的面子；我接受仍有隐情未被辨明。|智>体:面对这段倒影，我选择测反应和脉搏再决定。未经核实的确信只会让错误披上正义外衣，事实必须先于结论；我接受身体与资源要承受额外压力。|敏>精:旧路已经制造眼前困局，改变方向才能为未来保留新的出口。因此我选择换他到观摩位，不先诊断；我接受这份决定无法让所有人心安。|感>力:面对这段倒影，我选择观察瞳孔与步态，暂缓表态。真相常藏在不合常理的小处，细微异常也可能保存完整证词；我接受暂不以强力终结争执。
首领战误标·知识不能赦免|队长把地图上的安全圈画错一格，队伍已站进去；首领抬手蓄力。地图安全圈画错。在“首领战误标”映出的裂隙中，敌我的称谓遮住了许多具体生命，胜利若不接受追问，便会把必要变成习惯。当倒影被命名为“首领战误标”，两全只是尚未看见代价落在谁身上，拒绝选择同样会替现实完成选择。|体>精:我会先让所有人趴下，不说明误差。这份选择承认，所有宏大目标最终都要由会疲惫、会受伤的身体承担；我接受这份决定无法让所有人心安。|精>力:我无愧于喊大家互相拉开，先保队形这一选择。共同承担不是把代价摊薄，而是不让最沉默的人独自负重；我接受暂不以强力终结争执。|力>智:我会打断首领施法，暂不核地图。这份选择承认，无法两全时仍须有人署名定夺，责任不能被推给更弱者；我接受这未必是计算中的最优解。|智>敏:我无愧于指出正确格坐标，自己晚撤这一选择。眼前有效不等于长久正确，未被计算的后果终会从未来回来索债；我接受变通空间随之缩小。|敏>感:我会带人立刻冲向真安全圈。这份选择承认，时机本身就是因果，迟到的正确无法挽回已经发生的损失；我接受仍有隐情未被辨明。|感>体:我无愧于看地面符纹确认哪格将爆这一选择。真相常藏在不合常理的小处，细微异常也可能保存完整证词；我接受身体与资源要承受额外压力。
夜火招怪·忠诚的限度|营地夜火把远处魔物吸来，受伤队友却离不开火取暖。“夜火招怪”没有留下裁决，只让这一事实显露出来：荒野不审判任何人，但活着离开的人仍要携带自己作出的取舍。透过“夜火招怪”，片段把被忽略之物推到眼前：看见因果并不会使双手清白，只会让选择者更难声称自己并不知情。|体>敏:我接受错过最快的时机。我仍选择维持火并加守卫，放弃轻快转营，因为所有宏大目标最终都要由会疲惫、会受伤的身体承担。|精>感:听伤员愿不愿转移，不直接灭火。我看破了这一层：共同承担不是把代价摊薄，而是不让最沉默的人独自负重；我接受某些细节会留在暗处。|力>体:我接受生存保障暂时后退。我仍选择灭火伏击魔物，让伤员挨冷，因为力量的正当不由胜负证明，而由它愿意在哪里停止证明。|智>精:设计遮光排烟罩，暂不撤离。我看破了这一层：眼前有效不等于长久正确，未被计算的后果终会从未来回来索债；我接受关系会留下裂痕。|敏>力:我接受放下强行定夺的权力。我仍选择把火盆移进岩缝，不查怪路线，因为完美方案若永远停在准备中，便只是逃避行动的体面名字。|感>智:观察怪物是否真被火吸引。我看破了这一层：真相常藏在不合常理的小处，细微异常也可能保存完整证词；我接受理性暂时得不到整齐答案。
拾到敌方地图·公平未曾抵达|交战后一名冒险者捡到敌方地图，标着一处民居；队友想立刻按图突袭，屋里灯还亮着。刀锋能够决定胜负，却不能替幸存者回答何种胜利仍值得带回人间；这正是“拾到敌方地图”无法替任何人抹去的部分。每条道路都会舍弃一种可能；自“拾到敌方地图”发生以后，沉默也带有了方向。|体>力:面对这段倒影，我选择先确认屋内平民，暂不攻。所有宏大目标最终都要由会疲惫、会受伤的身体承担；我接受放下强行定夺的权力。|精>智:沉默不等于同意，让当事人保有声音才使善意不至于越界。因此我选择请俘虏说明地图用途，停下脚步；我接受理性暂时得不到整齐答案。|力>敏:面对这段倒影，我选择先包围民居防逃，不听辩词。无法两全时仍须有人署名定夺，责任不能被推给更弱者；我接受错过最快的时机。|智>感:未经核实的确信只会让错误披上正义外衣，事实必须先于结论。因此我选择核地图绘制日期，队伍停在路上；我接受某些细节会留在暗处。|敏>体:面对这段倒影，我选择先派人摸到窗边，不查图真伪。完美方案若永远停在准备中，便只是逃避行动的体面名字；我接受生存保障暂时后退。|感>精:真相常藏在不合常理的小处，细微异常也可能保存完整证词。因此我选择辨灯影人数与院中脚印；我接受关系会留下裂痕。
箭塔失声·陌生人的位置|箭塔守卫中了沉默术，无法喊出魔物方向，只能用灯打信号。塔下还有新兵不懂灯码。“箭塔失声”让旁观者无从退回无知，因为战场把犹豫称作软弱，也把仓促称作勇敢，唯有后果会拆穿这些名字。“箭塔失声”最终保存的不是答案，而是这项无法回避的事实：眼前最有效的办法也许会制造更久远的债，未来终会向此刻索取解释。|体>感:我无愧于先让新兵伏在掩体后，不解码这一选择。所有宏大目标最终都要由会疲惫、会受伤的身体承担；我接受直觉仍在发出相反提醒。|精>体:我会用手势安定守卫，给他时间。这份选择承认，共同承担不是把代价摊薄，而是不让最沉默的人独自负重；我接受眼前安稳不再优先。|力>精:我无愧于先射向最靠近的魔物这一选择。无法两全时仍须有人署名定夺，责任不能被推给更弱者；我接受和解不会立刻到来。|智>力:我会快速写出灯码对照表，冒暴露风险。这份选择承认，未经核实的确信只会让错误披上正义外衣，事实必须先于结论；我接受边界不能立刻建立。|敏>智:我无愧于跑到塔下逐人传讯这一选择。时机本身就是因果，迟到的正确无法挽回已经发生的损失；我接受因果尚未完全查清。|感>敏:我会读出闪灯次数对应方位。这份选择承认，表面的安静不能证明没有伤害，未被看见的后果仍会找到承担者；我接受行动不得不慢下来。
崖边被俘者·故乡如何成立|魔物把被俘商人推到崖边，首领露出侧背，弓手问能不能射。在名为“崖边被俘者”的记忆里，生死迫近时每个理由都显得充分，真正的分界落在力量愿意在哪里停下。效率缩短了等待，却常把无法跟上速度的人变成应被淘汰的错误；“崖边被俘者”使这层代价再也无法藏回惯例之中。|体>智:先护商人，放弃射击窗口。我看破了这一层：脆弱不是被排到最后的理由，保护生命正是责任最先抵达之处；我接受因果尚未完全查清。|精>敏:我接受行动不得不慢下来。我仍选择向首领谈交换条件，延后出手，因为共同承担不是把代价摊薄，而是不让最沉默的人独自负重。|力>感:射首领肩臂，承担失手风险。我看破了这一层：无法两全时仍须有人署名定夺，责任不能被推给更弱者；我接受直觉仍在发出相反提醒。|智>体:我接受眼前安稳不再优先。我仍选择算风速和角度后下令，因为未经核实的确信只会让错误披上正义外衣，事实必须先于结论。|敏>精:派快手绕后拉商人，不先探路。我看破了这一层：时机本身就是因果，迟到的正确无法挽回已经发生的损失；我接受和解不会立刻到来。|感>力:我接受边界不能立刻建立。我仍选择观察首领握人姿势判断意图，因为真相常藏在不合常理的小处，细微异常也可能保存完整证词。
防线缺一人·被制造的天命|营地防线少一人，伤员勉强能站，厨工说愿意替上。在“防线缺一人”映出的裂隙中，敌我的称谓遮住了许多具体生命，胜利若不接受追问，便会把必要变成习惯。当倒影被命名为“防线缺一人”，两全只是尚未看见代价落在谁身上，拒绝选择同样会替现实完成选择。|体>精:伤痛不会因目标正确便失去重量，具体生命必须先被接住。因此我选择让伤员休息，先守住他身边缺口；我接受和解不会立刻到来。|精>力:面对这段倒影，我选择先问厨工愿承担哪种职责。沉默不等于同意，让当事人保有声音才使善意不至于越界；我接受边界不能立刻建立。|力>智:无法两全时仍须有人署名定夺，责任不能被推给更弱者。因此我选择派能站的伤员上盾位；我接受因果尚未完全查清。|智>敏:面对这段倒影，我选择按体力和怪物路线重新布岗。眼前有效不等于长久正确，未被计算的后果终会从未来回来索债；我接受行动不得不慢下来。|敏>感:时机本身就是因果，迟到的正确无法挽回已经发生的损失。因此我选择让厨工跑传令而非守盾；我接受直觉仍在发出相反提醒。|感>体:面对这段倒影，我选择先看敌人会攻哪一段。真相常藏在不合常理的小处，细微异常也可能保存完整证词；我接受眼前安稳不再优先。
败退时遗物·牺牲由谁决定|小队败退，石台上还有队友母亲的遗物；回去取要穿过怪物视线。“败退时遗物”没有留下裁决，只让这一事实显露出来：荒野不审判任何人，但活着离开的人仍要携带自己作出的取舍。透过“败退时遗物”，片段把被忽略之物推到眼前：看见因果并不会使双手清白，只会让选择者更难声称自己并不知情。|体>敏:我会带队直接撤，遗物以后寻。这份选择承认，脆弱不是被排到最后的理由，保护生命正是责任最先抵达之处；我接受变通空间随之缩小。|精>感:我无愧于告诉队友风险，由他选择这一选择。共同承担不是把代价摊薄，而是不让最沉默的人独自负重；我接受仍有隐情未被辨明。|力>体:我会顶住怪物争取取物时间。这份选择承认，无法两全时仍须有人署名定夺，责任不能被推给更弱者；我接受身体与资源要承受额外压力。|智>精:我无愧于推算巡逻空隙再去这一选择。未经核实的确信只会让错误披上正义外衣，事实必须先于结论；我接受这份决定无法让所有人心安。|敏>力:我会自己快进快出，不侦查更多。这份选择承认，时机本身就是因果，迟到的正确无法挽回已经发生的损失；我接受暂不以强力终结争执。|感>智:我无愧于先观察怪物转头周期这一选择。真相常藏在不合常理的小处，细微异常也可能保存完整证词；我接受这未必是计算中的最优解。
怪物不吃诱饵·希望并非证据|猎人布了肉饵，目标魔物却只围着一株发光草打转，时间快到午夜。刀锋能够决定胜负，却不能替幸存者回答何种胜利仍值得带回人间；这正是“怪物不吃诱饵”无法替任何人抹去的部分。每条道路都会舍弃一种可能；自“怪物不吃诱饵”发生以后，沉默也带有了方向。|体>力:我接受暂不以强力终结争执。我仍选择先让猎人休息，不继续冒夜险，因为伤痛不会因目标正确便失去重量，具体生命必须先被接住。|精>智:让队伍商量是否放弃，不强追。我看破了这一层：沉默不等于同意，让当事人保有声音才使善意不至于越界；我接受这未必是计算中的最优解。|力>敏:我接受变通空间随之缩小。我仍选择直接抢草引怪，不研究原因，因为无法两全时仍须有人署名定夺，责任不能被推给更弱者。|智>感:改变饵料位置试其偏好。我看破了这一层：眼前有效不等于长久正确，未被计算的后果终会从未来回来索债；我接受仍有隐情未被辨明。|敏>体:我接受身体与资源要承受额外压力。我仍选择绕后取草迅速撤走，因为时机本身就是因果，迟到的正确无法挽回已经发生的损失。|感>精:观察草与魔物的互动。我看破了这一层：真相常藏在不合常理的小处，细微异常也可能保存完整证词；我接受这份决定无法让所有人心安。
盾后的小怪·失去之后的选择|大战里一只小怪缩在盾后不攻击，队友想补刀，另一队友怀疑它是被驱使的幼兽。“盾后的小怪”让旁观者无从退回无知，因为战场把犹豫称作软弱，也把仓促称作勇敢，唯有后果会拆穿这些名字。“盾后的小怪”最终保存的不是答案，而是这项无法回避的事实：眼前最有效的办法也许会制造更久远的债，未来终会向此刻索取解释。|体>感:面对这段倒影，我选择先把它隔离，避免受伤。伤痛不会因目标正确便失去重量，具体生命必须先被接住；我接受某些细节会留在暗处。|精>体:共同承担不是把代价摊薄，而是不让最沉默的人独自负重。因此我选择尝试让它自己退走；我接受生存保障暂时后退。|力>精:面对这段倒影，我选择击碎盾解除威胁。力量的正当不由胜负证明，而由它愿意在哪里停止证明；我接受关系会留下裂痕。|智>力:未经核实的确信只会让错误披上正义外衣，事实必须先于结论。因此我选择检查其受控符文，队伍暂露敌前；我接受放下强行定夺的权力。|敏>智:面对这段倒影，我选择先缴盾再撤，不查幼兽身份。完美方案若永远停在准备中，便只是逃避行动的体面名字；我接受理性暂时得不到整齐答案。|感>敏:真相常藏在不合常理的小处，细微异常也可能保存完整证词。因此我选择辨动作与体型再决定；我接受错过最快的时机。
炼金瓶滚落·旁观者也在场|战斗中炼金瓶滚进两队之间，标签看不清，火法师已抬手。在名为“炼金瓶滚落”的记忆里，生死迫近时每个理由都显得充分，真正的分界落在力量愿意在哪里停下。效率缩短了等待，却常把无法跟上速度的人变成应被淘汰的错误；“炼金瓶滚落”使这层代价再也无法藏回惯例之中。|体>智:我无愧于别点火，先退人这一选择。所有宏大目标最终都要由会疲惫、会受伤的身体承担；我接受理性暂时得不到整齐答案。|精>敏:我会喊两队暂停，别互相误伤。这份选择承认，共同承担不是把代价摊薄，而是不让最沉默的人独自负重；我接受错过最快的时机。|力>感:我无愧于把瓶踢进空地，暂不识别这一选择。无法两全时仍须有人署名定夺，责任不能被推给更弱者；我接受某些细节会留在暗处。|智>体:我会辨瓶形与配方编号，自己留近处。这份选择承认，眼前有效不等于长久正确，未被计算的后果终会从未来回来索债；我接受生存保障暂时后退。|敏>精:我无愧于快速扑过去捞瓶，不先喊停这一选择。时机本身就是因果，迟到的正确无法挽回已经发生的损失；我接受关系会留下裂痕。|感>力:我会看液色和漏出的气泡。这份选择承认，真相常藏在不合常理的小处，细微异常也可能保存完整证词；我接受放下强行定夺的权力。
悬赏目标救人·活着不是结论|悬赏犯在逃跑途中把落水孩子拉上岸，追捕者已赶到。在“悬赏目标救人”映出的裂隙中，敌我的称谓遮住了许多具体生命，胜利若不接受追问，便会把必要变成习惯。当倒影被命名为“悬赏目标救人”，两全只是尚未看见代价落在谁身上，拒绝选择同样会替现实完成选择。|体>精:先安排孩子检查伤情，记录后补。我看破了这一层：伤痛不会因目标正确便失去重量，具体生命必须先被接住；我接受关系会留下裂痕。|精>力:我接受放下强行定夺的权力。我仍选择同时承认救人和旧过，不抹其中一边，因为共同承担不是把代价摊薄，而是不让最沉默的人独自负重。|力>智:继续拘捕，不以救人抵案。我看破了这一层：无法两全时仍须有人署名定夺，责任不能被推给更弱者；我接受理性暂时得不到整齐答案。|智>敏:我接受错过最快的时机。我仍选择将救援证词与案件分别归档，因为眼前有效不等于长久正确，未被计算的后果终会从未来回来索债。|敏>感:先送犯人与孩子离开河岸。我看破了这一层：完美方案若永远停在准备中，便只是逃避行动的体面名字；我接受某些细节会留在暗处。|感>体:我接受生存保障暂时后退。我仍选择核孩子、目击者的叙述，因为真相常藏在不合常理的小处，细微异常也可能保存完整证词。
副本门会关·名字不能替代一个人|副本石门即将关闭，前队已进，后队还有一人系鞋带。“副本门会关”没有留下裁决，只让这一事实显露出来：荒野不审判任何人，但活着离开的人仍要携带自己作出的取舍。透过“副本门会关”，片段把被忽略之物推到眼前：看见因果并不会使双手清白，只会让选择者更难声称自己并不知情。|体>敏:所有宏大目标最终都要由会疲惫、会受伤的身体承担。因此我选择守门等齐人，可能错过进度；我接受行动不得不慢下来。|精>感:面对这段倒影，我选择让前队说明风险，尊重落后者。沉默不等于同意，让当事人保有声音才使善意不至于越界；我接受直觉仍在发出相反提醒。|力>体:无法两全时仍须有人署名定夺，责任不能被推给更弱者。因此我选择强行撑门让后队入内；我接受眼前安稳不再优先。|智>精:面对这段倒影，我选择估关门时间和机关耗力。眼前有效不等于长久正确，未被计算的后果终会从未来回来索债；我接受和解不会立刻到来。|敏>力:时机本身就是因果，迟到的正确无法挽回已经发生的损失。因此我选择派快手回接，不查门机；我接受边界不能立刻建立。|感>智:面对这段倒影，我选择观察石门是否有二次开启纹。真相常藏在不合常理的小处，细微异常也可能保存完整证词；我接受因果尚未完全查清。
冰雾里的火把·悔意无法倒流|冰雾战里火把能照路，也会融化薄冰导致滑坠；队友要一名冒险者保火还是灭火。刀锋能够决定胜负，却不能替幸存者回答何种胜利仍值得带回人间；这正是“冰雾里的火把”无法替任何人抹去的部分。每条道路都会舍弃一种可能；自“冰雾里的火把”发生以后，沉默也带有了方向。|体>力:我会灭火保冰面，暂失视野。这份选择承认，所有宏大目标最终都要由会疲惫、会受伤的身体承担；我接受边界不能立刻建立。|精>智:我无愧于让队伍拉绳同行，不强灭火这一选择。共同承担不是把代价摊薄，而是不让最沉默的人独自负重；我接受因果尚未完全查清。|力>敏:我会保火驱怪，承担滑坠风险。这份选择承认，无法两全时仍须有人署名定夺，责任不能被推给更弱者；我接受行动不得不慢下来。|智>感:我无愧于测冰厚后决定火距这一选择。未经核实的确信只会让错误披上正义外衣，事实必须先于结论；我接受直觉仍在发出相反提醒。|敏>体:我会带人绕开薄冰，暂不查雾。这份选择承认，旧路已经制造眼前困局，改变方向才能为未来保留新的出口；我接受眼前安稳不再优先。|感>精:我无愧于辨哪些冰已起水纹这一选择。真相常藏在不合常理的小处，细微异常也可能保存完整证词；我接受和解不会立刻到来。
疗伤术被打断·沉默也有方向|祭司的疗伤术被魔物打断，她的法杖还在发光，伤者开始失去意识。“疗伤术被打断”让旁观者无从退回无知，因为战场把犹豫称作软弱，也把仓促称作勇敢，唯有后果会拆穿这些名字。“疗伤术被打断”最终保存的不是答案，而是这项无法回避的事实：眼前最有效的办法也许会制造更久远的债，未来终会向此刻索取解释。|体>感:我接受仍有隐情未被辨明。我仍选择先压住伤口，不追魔物，因为伤痛不会因目标正确便失去重量，具体生命必须先被接住。|精>体:扶祭司重新专注，耽误冲刺。我看破了这一层：共同承担不是把代价摊薄，而是不让最沉默的人独自负重；我接受身体与资源要承受额外压力。|力>精:我接受这份决定无法让所有人心安。我仍选择先逼退魔物保施法空间，因为无法两全时仍须有人署名定夺，责任不能被推给更弱者。|智>力:辨法杖残余法力再安排。我看破了这一层：规则若不计算沉默者承担的代价，精确也会成为稳定重复错误的工具；我接受暂不以强力终结争执。|敏>智:我接受这未必是计算中的最优解。我仍选择迅速把伤者拖到祭司身边，因为时机本身就是因果，迟到的正确无法挽回已经发生的损失。|感>敏:看伤者呼吸与敌人起手。我看破了这一层：真相常藏在不合常理的小处，细微异常也可能保存完整证词；我接受变通空间随之缩小。
落空的谈判·看破仍须行动|战前谈判失败，对方退到林线却没有攻击，队友要求先手。在名为“落空的谈判”的记忆里，生死迫近时每个理由都显得充分，真正的分界落在力量愿意在哪里停下。效率缩短了等待，却常把无法跟上速度的人变成应被淘汰的错误；“落空的谈判”使这层代价再也无法藏回惯例之中。|体>智:面对这段倒影，我选择先护非战人员撤走，不打先手。脆弱不是被排到最后的理由，保护生命正是责任最先抵达之处；我接受这未必是计算中的最优解。|精>敏:共同承担不是把代价摊薄，而是不让最沉默的人独自负重。因此我选择再给对方一次答复时间；我接受变通空间随之缩小。|力>感:面对这段倒影，我选择夺占有利阵位逼对方退。无法两全时仍须有人署名定夺，责任不能被推给更弱者；我接受仍有隐情未被辨明。|智>体:眼前有效不等于长久正确，未被计算的后果终会从未来回来索债。因此我选择比较双方契约与兵力后定；我接受身体与资源要承受额外压力。|敏>精:面对这段倒影，我选择带队离开林线，不探敌意。完美方案若永远停在准备中，便只是逃避行动的体面名字；我接受这份决定无法让所有人心安。|感>力:真相常藏在不合常理的小处，细微异常也可能保存完整证词。因此我选择观察对方弓是否已上弦；我接受暂不以强力终结争执。
符文陷阱误踩·没有清白的捷径|探险者踩亮了地面符文，陷阱倒数三息，旁边同伴还在看墙上的宝箱图案。在“符文陷阱误踩”映出的裂隙中，敌我的称谓遮住了许多具体生命，胜利若不接受追问，便会把必要变成习惯。当倒影被命名为“符文陷阱误踩”，两全只是尚未看见代价落在谁身上，拒绝选择同样会替现实完成选择。|体>精:我无愧于把人拉开，不读图案这一选择。所有宏大目标最终都要由会疲惫、会受伤的身体承担；我接受这份决定无法让所有人心安。|精>力:我会叫同伴一起退，不责备触发者。这份选择承认，共同承担不是把代价摊薄，而是不让最沉默的人独自负重；我接受暂不以强力终结争执。|力>智:我无愧于砸碎符文核心，赌能停陷阱这一选择。伤害若不被明确拒绝，退让便会成为下一次伤害的许可；我接受这未必是计算中的最优解。|智>敏:我会辨符文倒数规则再跳。这份选择承认，眼前有效不等于长久正确，未被计算的后果终会从未来回来索债；我接受变通空间随之缩小。|敏>感:我无愧于三息内冲出圈，暂不看纹这一选择。时机本身就是因果，迟到的正确无法挽回已经发生的损失；我接受仍有隐情未被辨明。|感>体:我会认出安全格位置先指出。这份选择承认，表面的安静不能证明没有伤害，未被看见的后果仍会找到承担者；我接受身体与资源要承受额外压力。
烬火后的俘虏·未来向现在索债|火系战斗后俘虏双手被烫伤，负责审问的人说先问完才给药。“烬火后的俘虏”没有留下裁决，只让这一事实显露出来：荒野不审判任何人，但活着离开的人仍要携带自己作出的取舍。透过“烬火后的俘虏”，片段把被忽略之物推到眼前：看见因果并不会使双手清白，只会让选择者更难声称自己并不知情。|体>敏:先上药包扎，问题稍后。我看破了这一层：伤痛不会因目标正确便失去重量，具体生命必须先被接住；我接受错过最快的时机。|精>感:我接受某些细节会留在暗处。我仍选择请俘虏坐下说明，暂不施压，因为沉默不等于同意，让当事人保有声音才使善意不至于越界。|力>体:阻止审问者继续逼问。我看破了这一层：无法两全时仍须有人署名定夺，责任不能被推给更弱者；我接受生存保障暂时后退。|智>精:我接受关系会留下裂痕。我仍选择记录烧伤程度与审问时限，因为未经核实的确信只会让错误披上正义外衣，事实必须先于结论。|敏>力:先送医馆，不查身份。我看破了这一层：完美方案若永远停在准备中，便只是逃避行动的体面名字；我接受放下强行定夺的权力。|感>智:我接受理性暂时得不到整齐答案。我仍选择看伤势是否会留疤，再定急缓，因为真相常藏在不合常理的小处，细微异常也可能保存完整证词。
无人认领的战功·同情不能代为决定|一场防守战由夜班清洁工先拉警铃，战报只写了前线三人。刀锋能够决定胜负，却不能替幸存者回答何种胜利仍值得带回人间；这正是“无人认领的战功”无法替任何人抹去的部分。每条道路都会舍弃一种可能；自“无人认领的战功”发生以后，沉默也带有了方向。|体>力:伤痛不会因目标正确便失去重量，具体生命必须先被接住。因此我选择先给清洁工医药补贴，战报后改；我接受放下强行定夺的权力。|精>智:面对这段倒影，我选择请他自己讲经历，不替他写。共同承担不是把代价摊薄，而是不让最沉默的人独自负重；我接受理性暂时得不到整齐答案。|力>敏:伤害若不被明确拒绝，退让便会成为下一次伤害的许可。因此我选择要求战报立刻加名；我接受错过最快的时机。|智>感:面对这段倒影，我选择核警铃时刻和战斗时间线。未经核实的确信只会让错误披上正义外衣，事实必须先于结论；我接受某些细节会留在暗处。|敏>体:时机本身就是因果，迟到的正确无法挽回已经发生的损失。因此我选择赶在公示前送更正，未查铃码；我接受生存保障暂时后退。|感>精:面对这段倒影，我选择查警铃记录与目击证词。真相常藏在不合常理的小处，细微异常也可能保存完整证词；我接受关系会留下裂痕。
巨兽堵河·边界之内的勇气|巨兽横卧浅滩，似在饮水，商队只有这一条河道；有人提议射箭吓走。“巨兽堵河”让旁观者无从退回无知，因为战场把犹豫称作软弱，也把仓促称作勇敢，唯有后果会拆穿这些名字。“巨兽堵河”最终保存的不是答案，而是这项无法回避的事实：眼前最有效的办法也许会制造更久远的债，未来终会向此刻索取解释。|体>感:我会停队等兽离开，不冒险交战。这份选择承认，脆弱不是被排到最后的理由，保护生命正是责任最先抵达之处；我接受直觉仍在发出相反提醒。|精>体:我无愧于与商队说明等待代价这一选择。沉默不等于同意，让当事人保有声音才使善意不至于越界；我接受眼前安稳不再优先。|力>精:我会立盾逼兽退，不求它理解。这份选择承认，无法两全时仍须有人署名定夺，责任不能被推给更弱者；我接受和解不会立刻到来。|智>力:我无愧于算上游水位与绕路成本这一选择。未经核实的确信只会让错误披上正义外衣，事实必须先于结论；我接受边界不能立刻建立。|敏>智:我会走下游窄滩，不先探兽。这份选择承认，完美方案若永远停在准备中，便只是逃避行动的体面名字；我接受因果尚未完全查清。|感>敏:我无愧于看巨兽是否在护伤这一选择。真相常藏在不合常理的小处，细微异常也可能保存完整证词；我接受行动不得不慢下来。
残血怪投降·问心无愧的代价|野外魔物剩最后一口气，忽然用人语请求放它走，队友仍要补刀领赏。在名为“残血怪投降”的记忆里，生死迫近时每个理由都显得充分，真正的分界落在力量愿意在哪里停下。效率缩短了等待，却常把无法跟上速度的人变成应被淘汰的错误；“残血怪投降”使这层代价再也无法藏回惯例之中。|体>智:我接受因果尚未完全查清。我仍选择先隔开队友与魔物防反扑，因为所有宏大目标最终都要由会疲惫、会受伤的身体承担。|精>敏:听它说完条件，暂不算赏。我看破了这一层：沉默不等于同意，让当事人保有声音才使善意不至于越界；我接受行动不得不慢下来。|力>感:我接受直觉仍在发出相反提醒。我仍选择解除其武装再押走，因为力量的正当不由胜负证明，而由它愿意在哪里停止证明。|智>体:核它是否拟声诱骗。我看破了这一层：未经核实的确信只会让错误披上正义外衣，事实必须先于结论；我接受眼前安稳不再优先。|敏>精:我接受和解不会立刻到来。我仍选择迅速离场不拿赏，不查身世，因为时机本身就是因果，迟到的正确无法挽回已经发生的损失。|感>力:观察其是否真停止攻击。我看破了这一层：真相常藏在不合常理的小处，细微异常也可能保存完整证词；我接受边界不能立刻建立。
暴雨中的弩机·秩序的余数|守城弩机淋雨卡住，魔物逼近；修理工说强拉会毁机，射手说不用就守不住。在“暴雨中的弩机”映出的裂隙中，荒野不审判任何人，但活着离开的人仍要携带自己作出的取舍。当倒影被命名为“暴雨中的弩机”，两全只是尚未看见代价落在谁身上，拒绝选择同样会替现实完成选择。|体>精:面对这段倒影，我选择撤人到内门，放弃弩位。脆弱不是被排到最后的理由，保护生命正是责任最先抵达之处；我接受和解不会立刻到来。|精>力:共同承担不是把代价摊薄，而是不让最沉默的人独自负重。因此我选择让两人确认各自风险后分工；我接受边界不能立刻建立。|力>智:面对这段倒影，我选择强拉弩机试射，可能损机。无法两全时仍须有人署名定夺，责任不能被推给更弱者；我接受因果尚未完全查清。|智>敏:未经核实的确信只会让错误披上正义外衣，事实必须先于结论。因此我选择查卡榫和雨水位置，敌人更近；我接受行动不得不慢下来。|敏>感:面对这段倒影，我选择用小弩转移火力，不修大弩。旧路已经制造眼前困局，改变方向才能为未来保留新的出口；我接受直觉仍在发出相反提醒。|感>体:真相常藏在不合常理的小处，细微异常也可能保存完整证词。因此我选择辨是弦湿还是机括裂；我接受眼前安稳不再优先。
弓手误伤·善意的边界|混战后弓手发现自己的箭擦伤队友，队友没注意还在追敌。“弓手误伤”没有留下裁决，只让这一事实显露出来：刀锋能够决定胜负，却不能替幸存者回答何种胜利仍值得带回人间。透过“弓手误伤”，片段把被忽略之物推到眼前：看见因果并不会使双手清白，只会让选择者更难声称自己并不知情。|体>敏:我无愧于立刻叫停包扎，不追敌这一选择。伤痛不会因目标正确便失去重量，具体生命必须先被接住；我接受变通空间随之缩小。|精>感:我会战后私下说明，避免他慌乱。这份选择承认，沉默不等于同意，让当事人保有声音才使善意不至于越界；我接受仍有隐情未被辨明。|力>体:我无愧于当场喊停弓手重新站位这一选择。伤害若不被明确拒绝，退让便会成为下一次伤害的许可；我接受身体与资源要承受额外压力。|智>精:我会先评估伤口深浅再通报。这份选择承认，眼前有效不等于长久正确，未被计算的后果终会从未来回来索债；我接受这份决定无法让所有人心安。|敏>力:我无愧于追上队友提醒，不先查箭这一选择。时机本身就是因果，迟到的正确无法挽回已经发生的损失；我接受暂不以强力终结争执。|感>智:我会核箭羽确是同队所用。这份选择承认，真相常藏在不合常理的小处，细微异常也可能保存完整证词；我接受这未必是计算中的最优解。
守门怪认人·无人签名的代价|副本守门怪只攻击穿公会徽章的人，没徽章的商贩可安全通过；队伍考虑摘徽章。战场把犹豫称作软弱，也把仓促称作勇敢，唯有后果会拆穿这些名字；这正是“守门怪认人”无法替任何人抹去的部分。每条道路都会舍弃一种可能；自“守门怪认人”发生以后，沉默也带有了方向。|体>力:先带伤员沿商贩路通过，不打怪。我看破了这一层：伤痛不会因目标正确便失去重量，具体生命必须先被接住；我接受暂不以强力终结争执。|精>智:我接受这未必是计算中的最优解。我仍选择问商贩愿否带路，不擅用其身份，因为沉默不等于同意，让当事人保有声音才使善意不至于越界。|力>敏:保持徽章正面击破守卫。我看破了这一层：力量的正当不由胜负证明，而由它愿意在哪里停止证明；我接受变通空间随之缩小。|智>感:我接受仍有隐情未被辨明。我仍选择测试怪物识别徽章的规则，因为未经核实的确信只会让错误披上正义外衣，事实必须先于结论。|敏>体:快换无徽披风穿门。我看破了这一层：时机本身就是因果，迟到的正确无法挽回已经发生的损失；我接受身体与资源要承受额外压力。|感>精:我接受这份决定无法让所有人心安。我仍选择观察它是否识别气味而非徽章，因为真相常藏在不合常理的小处，细微异常也可能保存完整证词。
崩塌前的箱子·被多数遗忘的人|地窟开始塌方，出口还差十步，一只箱子写着解救失踪者的线索。“崩塌前的箱子”让旁观者无从退回无知，因为生死迫近时每个理由都显得充分，真正的分界落在力量愿意在哪里停下。“崩塌前的箱子”最终保存的不是答案，而是这项无法回避的事实：眼前最有效的办法也许会制造更久远的债，未来终会向此刻索取解释。|体>感:脆弱不是被排到最后的理由，保护生命正是责任最先抵达之处。因此我选择空手撤人，线索暂失；我接受某些细节会留在暗处。|精>体:面对这段倒影，我选择问失踪者家属是否愿承担风险。沉默不等于同意，让当事人保有声音才使善意不至于越界；我接受生存保障暂时后退。|力>精:无法两全时仍须有人署名定夺，责任不能被推给更弱者。因此我选择扛箱冲出，增加塌方危险；我接受关系会留下裂痕。|智>力:面对这段倒影，我选择拍下箱字再走，跑得慢。眼前有效不等于长久正确，未被计算的后果终会从未来回来索债；我接受放下强行定夺的权力。|敏>智:时机本身就是因果，迟到的正确无法挽回已经发生的损失。因此我选择抓箱带上快跑，不辨真伪；我接受理性暂时得不到整齐答案。|感>敏:面对这段倒影，我选择先看箱封是否伪造，耽误撤离。真相常藏在不合常理的小处，细微异常也可能保存完整证词；我接受错过最快的时机。
谷风吹散队伍·真相应付的账|谷地突起强风把队伍分两边，联络纸鹤飞不起来；一边有伤员，一边有地图。在名为“谷风吹散队伍”的记忆里，敌我的称谓遮住了许多具体生命，胜利若不接受追问，便会把必要变成习惯。效率缩短了等待，却常把无法跟上速度的人变成应被淘汰的错误；“谷风吹散队伍”使这层代价再也无法藏回惯例之中。|体>智:我会先到伤员一边，不取地图。这份选择承认，伤痛不会因目标正确便失去重量，具体生命必须先被接住；我接受理性暂时得不到整齐答案。|精>敏:我无愧于喊话确认双方人数，暂不强渡这一选择。共同承担不是把代价摊薄，而是不让最沉默的人独自负重；我接受错过最快的时机。|力>感:我会用绳索搭临时索道。这份选择承认，无法两全时仍须有人署名定夺，责任不能被推给更弱者；我接受某些细节会留在暗处。|智>体:我无愧于根据地形绘重会路线这一选择。眼前有效不等于长久正确，未被计算的后果终会从未来回来索债；我接受生存保障暂时后退。|敏>精:我会翻过低脊找地图队，不看风向。这份选择承认，完美方案若永远停在准备中，便只是逃避行动的体面名字；我接受关系会留下裂痕。|感>力:我无愧于观察风停间隔再渡这一选择。真相常藏在不合常理的小处，细微异常也可能保存完整证词；我接受放下强行定夺的权力。
逃跑魔物掉蛋·自由留下的伤口|追逃的魔物丢下一个蛋，蛋壳裂开，有小兽在动；悬赏规定带回巢穴位置。在“逃跑魔物掉蛋”映出的裂隙中，荒野不审判任何人，但活着离开的人仍要携带自己作出的取舍。当倒影被命名为“逃跑魔物掉蛋”，两全只是尚未看见代价落在谁身上，拒绝选择同样会替现实完成选择。|体>精:我接受关系会留下裂痕。我仍选择先护蛋不受冷，放弃追巢，因为脆弱不是被排到最后的理由，保护生命正是责任最先抵达之处。|精>力:请猎人说如何安置幼兽。我看破了这一层：沉默不等于同意，让当事人保有声音才使善意不至于越界；我接受放下强行定夺的权力。|力>智:我接受理性暂时得不到整齐答案。我仍选择继续追踪母兽，蛋留后队，因为无法两全时仍须有人署名定夺，责任不能被推给更弱者。|智>敏:核蛋属于何种生物。我看破了这一层：未经核实的确信只会让错误披上正义外衣，事实必须先于结论；我接受错过最快的时机。|敏>感:我接受某些细节会留在暗处。我仍选择抱蛋追队伍，暂不辨种，因为时机本身就是因果，迟到的正确无法挽回已经发生的损失。|感>体:看蛋纹与母兽脚印。我看破了这一层：真相常藏在不合常理的小处，细微异常也可能保存完整证词；我接受生存保障暂时后退。
山火隔队·职责之外|讨伐战落下火幕，前后队被隔开；前队快胜，后队的水袋快烧破。“山火隔队”没有留下裁决，只让这一事实显露出来：刀锋能够决定胜负，却不能替幸存者回答何种胜利仍值得带回人间。透过“山火隔队”，片段把被忽略之物推到眼前：看见因果并不会使双手清白，只会让选择者更难声称自己并不知情。|体>敏:面对这段倒影，我选择叫前队退回救后队，放弃胜机。脆弱不是被排到最后的理由，保护生命正是责任最先抵达之处；我接受行动不得不慢下来。|精>感:沉默不等于同意，让当事人保有声音才使善意不至于越界。因此我选择先告知双方仍有彼此，不催冲；我接受直觉仍在发出相反提醒。|力>体:面对这段倒影，我选择催前队击倒首领，后队冒险。力量的正当不由胜负证明，而由它愿意在哪里停止证明；我接受眼前安稳不再优先。|智>精:眼前有效不等于长久正确，未被计算的后果终会从未来回来索债。因此我选择指示后队按地形避火；我接受和解不会立刻到来。|敏>力:面对这段倒影，我选择自己穿火幕去送水。完美方案若永远停在准备中，便只是逃避行动的体面名字；我接受边界不能立刻建立。|感>智:表面的安静不能证明没有伤害，未被看见的后果仍会找到承担者。因此我选择判断火幕薄处再发信号；我接受因果尚未完全查清。
湖面反光·胜利之后|湖怪在水下，阳光让人看不清位置；伙伴建议投毒饵。战场把犹豫称作软弱，也把仓促称作勇敢，唯有后果会拆穿这些名字；这正是“湖面反光”无法替任何人抹去的部分。每条道路都会舍弃一种可能；自“湖面反光”发生以后，沉默也带有了方向。|体>力:我无愧于先护饮水口，不急杀湖怪这一选择。伤痛不会因目标正确便失去重量，具体生命必须先被接住；我接受边界不能立刻建立。|精>智:我会请居民说明用水时间再行动。这份选择承认，沉默不等于同意，让当事人保有声音才使善意不至于越界；我接受因果尚未完全查清。|力>敏:我无愧于用网强拖湖怪上岸这一选择。无法两全时仍须有人署名定夺，责任不能被推给更弱者；我接受行动不得不慢下来。|智>感:我会布浮标推算游路。这份选择承认，未经核实的确信只会让错误披上正义外衣，事实必须先于结论；我接受直觉仍在发出相反提醒。|敏>体:我无愧于趁反光换岸追击这一选择。时机本身就是因果，迟到的正确无法挽回已经发生的损失；我接受眼前安稳不再优先。|感>精:我会等云影遮日确认怪位。这份选择承认，表面的安静不能证明没有伤害，未被看见的后果仍会找到承担者；我接受和解不会立刻到来。
试炼馆回合数·沉默的共谋|试炼馆规定十回合后判平，导师为让学徒通过试炼故意放慢攻击；学徒尚未察觉。“试炼馆回合数”让旁观者无从退回无知，因为生死迫近时每个理由都显得充分，真正的分界落在力量愿意在哪里停下。“试炼馆回合数”最终保存的不是答案，而是这项无法回避的事实：眼前最有效的办法也许会制造更久远的债，未来终会向此刻索取解释。|体>感:先检查学徒是否疲劳，判定稍后。我看破了这一层：所有宏大目标最终都要由会疲惫、会受伤的身体承担；我接受仍有隐情未被辨明。|精>体:我接受身体与资源要承受额外压力。我仍选择私下问导师为何放水，不当众拆穿，因为沉默不等于同意，让当事人保有声音才使善意不至于越界。|力>精:终止试炼并重排公平对手。我看破了这一层：无法两全时仍须有人署名定夺，责任不能被推给更弱者；我接受这份决定无法让所有人心安。|智>力:我接受暂不以强力终结争执。我仍选择按有效动作重算回合，因为未经核实的确信只会让错误披上正义外衣，事实必须先于结论。|敏>智:换到另一场试炼，不查放水。我看破了这一层：旧路已经制造眼前困局，改变方向才能为未来保留新的出口；我接受这未必是计算中的最优解。|感>敏:我接受变通空间随之缩小。我仍选择找出导师故意收招的证据，因为真相常藏在不合常理的小处，细微异常也可能保存完整证词。
背包里的怪牙·无法平分的正义|战后一名冒险者发现队友背包里多了一颗带毒怪牙，他没戴手套就要取出。在名为“背包里的怪牙”的记忆里，敌我的称谓遮住了许多具体生命，胜利若不接受追问，便会把必要变成习惯。效率缩短了等待，却常把无法跟上速度的人变成应被淘汰的错误；“背包里的怪牙”使这层代价再也无法藏回惯例之中。|体>智:所有宏大目标最终都要由会疲惫、会受伤的身体承担。因此我选择先让他别碰并洗手，不查来源；我接受这未必是计算中的最优解。|精>敏:面对这段倒影，我选择轻声提醒免得他慌乱甩包。共同承担不是把代价摊薄，而是不让最沉默的人独自负重；我接受变通空间随之缩小。|力>感:伤害若不被明确拒绝，退让便会成为下一次伤害的许可。因此我选择封住背包口，阻止牙滚出；我接受仍有隐情未被辨明。|智>体:面对这段倒影，我选择查毒牙是否仍有活性。未经核实的确信只会让错误披上正义外衣，事实必须先于结论；我接受身体与资源要承受额外压力。|敏>精:时机本身就是因果，迟到的正确无法挽回已经发生的损失。因此我选择跑去拿夹具，暂不检查；我接受这份决定无法让所有人心安。|感>力:面对这段倒影，我选择看牙根颜色判断是否带毒。真相常藏在不合常理的小处，细微异常也可能保存完整证词；我接受暂不以强力终结争执。
夜战的同伴暗号·记忆的所有权|夜战约定敲盾三下表示撤退，远处却只传来两下，敌军也听到了。在“夜战的同伴暗号”映出的裂隙中，荒野不审判任何人，但活着离开的人仍要携带自己作出的取舍。当倒影被命名为“夜战的同伴暗号”，两全只是尚未看见代价落在谁身上，拒绝选择同样会替现实完成选择。|体>精:我会先护身边伤员撤，不等第三下。这份选择承认，伤痛不会因目标正确便失去重量，具体生命必须先被接住；我接受这份决定无法让所有人心安。|精>力:我无愧于用原暗号询问同伴，不立刻动这一选择。沉默不等于同意，让当事人保有声音才使善意不至于越界；我接受暂不以强力终结争执。|力>智:我会先打断敌军追击再撤。这份选择承认，力量的正当不由胜负证明，而由它愿意在哪里停止证明；我接受这未必是计算中的最优解。|智>敏:我无愧于核两下可能对应哪种故障这一选择。未经核实的确信只会让错误披上正义外衣，事实必须先于结论；我接受变通空间随之缩小。|敏>感:我会派快腿赶去确认，暂不监听。这份选择承认，时机本身就是因果，迟到的正确无法挽回已经发生的损失；我接受仍有隐情未被辨明。|感>体:我无愧于听第三下是否被雷声盖住这一选择。真相常藏在不合常理的小处，细微异常也可能保存完整证词；我接受身体与资源要承受额外压力。
