炉温过高·无法平分的正义|铁匠准备给一把订制长剑淬火，炉温比配方高，委托人明早出发。在名为“炉温过高”的记忆里，技艺追求突破的同时暴露出另一条界线，有能力做到并不等于有权去做。身份提供归属也制造边界，人一旦被归入某个名字，独特之处便可能被抹去；“炉温过高”使这层代价再也无法藏回惯例之中。|体>智:我无愧于先让铁匠避开烫伤，不赌剑成这一选择。伤痛不会因目标正确便失去重量，具体生命必须先被接住；我接受理性暂时得不到整齐答案。|精>敏:我会告知委托人会延期，请他选择。这份选择承认，沉默不等于同意，让当事人保有声音才使善意不至于越界；我接受错过最快的时机。|力>感:我无愧于撤火重起炉，不试这批钢这一选择。无法两全时仍须有人署名定夺，责任不能被推给更弱者；我接受某些细节会留在暗处。|智>体:我会算降温时间和淬火曲线。这份选择承认，未经核实的确信只会让错误披上正义外衣，事实必须先于结论；我接受生存保障暂时后退。|敏>精:我无愧于换小炉赶工，不细查钢性这一选择。时机本身就是因果，迟到的正确无法挽回已经发生的损失；我接受关系会留下裂痕。|感>力:我会看钢色辨是否已过热。这份选择承认，真相常藏在不合常理的小处，细微异常也可能保存完整证词；我接受放下强行定夺的权力。
药剂颜色分层·记忆的所有权|炼金瓶原应澄蓝，今天上层发绿，下层仍蓝。在“药剂颜色分层”映出的裂隙中，学徒说摇匀就好，病人正等。当倒影被命名为“药剂颜色分层”，命运可以限制选择，却不能替选择者宣称内心从未参与。|体>精:先停发并给病人替代护理。我看破了这一层：伤痛不会因目标正确便失去重量，具体生命必须先被接住；我接受关系会留下裂痕。|精>力:我接受放下强行定夺的权力。我仍选择让学徒说明操作，不当众斥责，因为沉默不等于同意，让当事人保有声音才使善意不至于越界。|力>智:整瓶报废重做。我看破了这一层：无法两全时仍须有人署名定夺，责任不能被推给更弱者；我接受理性暂时得不到整齐答案。|智>敏:我接受错过最快的时机。我仍选择查温度、次序与沉淀，因为未经核实的确信只会让错误披上正义外衣，事实必须先于结论。|敏>感:去邻店调同药，不先研究。我看破了这一层：旧路已经制造眼前困局，改变方向才能为未来保留新的出口；我接受某些细节会留在暗处。|感>体:我接受生存保障暂时后退。我仍选择取一滴看分层是否反应，因为真相常藏在不合常理的小处，细微异常也可能保存完整证词。
木甲缺扣·活下来的重量|木甲即将交付，肩扣比图纸少一枚；穿戴者明早要护送车队。工匠说不影响动作。“木甲缺扣”没有留下裁决，只让这一事实显露出来：精确可以解释因果，却不能自动决定哪些风险有资格由别人承担。透过“木甲缺扣”，片段把被忽略之物推到眼前：怜悯可以减轻痛苦，不能代替另一个人决定何种生活值得继续。|体>敏:脆弱不是被排到最后的理由，保护生命正是责任最先抵达之处。因此我选择让护送者穿着试受力，延迟交货；我接受行动不得不慢下来。|精>感:面对这段倒影，我选择请工匠解释变更并征同意。沉默不等于同意，让当事人保有声音才使善意不至于越界；我接受直觉仍在发出相反提醒。|力>体:伤害若不被明确拒绝，退让便会成为下一次伤害的许可。因此我选择拒收并要求补扣；我接受眼前安稳不再优先。|智>精:面对这段倒影，我选择算缺扣后的载荷分配。未经核实的确信只会让错误披上正义外衣，事实必须先于结论；我接受和解不会立刻到来。|敏>力:完美方案若永远停在准备中，便只是逃避行动的体面名字。因此我选择带一枚备用扣上路，不深测；我接受边界不能立刻建立。|感>智:面对这段倒影，我选择检查是否还有隐蔽扣位。真相常藏在不合常理的小处，细微异常也可能保存完整证词；我接受因果尚未完全查清。
配方里的旧字·承诺的背面|炼金配方写“银叶三片”，旧抄本字迹像“霜叶”。两种材料都在台上，药剂要给夜班医师。作品凝结了创造者的意志，也可能把未经同意的代价交给使用它的人；这正是“配方里的旧字”无法替任何人抹去的部分。宽恕若绕过受害者，只是旁观者急于结束不安的方式；自“配方里的旧字”发生以后，沉默也带有了方向。|体>力:我会先给医师常规药，不试新方。这份选择承认，伤痛不会因目标正确便失去重量，具体生命必须先被接住；我接受边界不能立刻建立。|精>智:我无愧于问原作者或学徒记忆这一选择。沉默不等于同意，让当事人保有声音才使善意不至于越界；我接受因果尚未完全查清。|力>敏:我会封存此方不许配。这份选择承认，伤害若不被明确拒绝，退让便会成为下一次伤害的许可；我接受行动不得不慢下来。|智>感:我无愧于做两种微量对照实验这一选择。未经核实的确信只会让错误披上正义外衣，事实必须先于结论；我接受直觉仍在发出相反提醒。|敏>体:我会跑图书馆找原卷。这份选择承认，时机本身就是因果，迟到的正确无法挽回已经发生的损失；我接受眼前安稳不再优先。|感>精:我无愧于辨墨迹和叶片纹路这一选择。真相常藏在不合常理的小处，细微异常也可能保存完整证词；我接受和解不会立刻到来。
锻锤裂柄·看见而不占有|锻锤木柄开裂，师傅说换柄会耽误今天三件农具。学徒手上已有一片木刺。“锻锤裂柄”让旁观者无从退回无知，因为失败并不只属于工坊，知识若隐去自身的伤痕，后来者便会再次替它流血。“锻锤裂柄”最终保存的不是答案，而是这项无法回避的事实：善意若不允许被帮助者拒绝，便会在不知不觉间变成温柔的强迫。|体>感:我接受仍有隐情未被辨明。我仍选择先处理木刺并停锤，因为所有宏大目标最终都要由会疲惫、会受伤的身体承担。|精>体:请师傅听学徒说疼。我看破了这一层：沉默不等于同意，让当事人保有声音才使善意不至于越界；我接受身体与资源要承受额外压力。|力>精:我接受这份决定无法让所有人心安。我仍选择当场换柄，农具延期，因为无法两全时仍须有人署名定夺，责任不能被推给更弱者。|智>力:算裂柄失效风险。我看破了这一层：未经核实的确信只会让错误披上正义外衣，事实必须先于结论；我接受暂不以强力终结争执。|敏>智:我接受这未必是计算中的最优解。我仍选择借隔壁锤先开工，因为完美方案若永远停在准备中，便只是逃避行动的体面名字。|感>敏:看裂缝是否贯穿木心。我看破了这一层：真相常藏在不合常理的小处，细微异常也可能保存完整证词；我接受变通空间随之缩小。
会唱的玻璃瓶·选择者的债|炼金玻璃瓶冷却时发出细声，旧经验说唱声代表杂质，今天声音却很悦耳。一名冒险者让学徒继续灌药吗。在名为“会唱的玻璃瓶”的记忆里，技艺追求突破的同时暴露出另一条界线，有能力做到并不等于有权去做。身份提供归属也制造边界，人一旦被归入某个名字，独特之处便可能被抹去；“会唱的玻璃瓶”使这层代价再也无法藏回惯例之中。|体>智:面对这段倒影，我选择先换稳妥瓶装药。伤痛不会因目标正确便失去重量，具体生命必须先被接住；我接受这未必是计算中的最优解。|精>敏:沉默不等于同意，让当事人保有声音才使善意不至于越界。因此我选择请学徒说出自己的疑虑；我接受变通空间随之缩小。|力>感:面对这段倒影，我选择敲碎异常瓶，不赌药剂。无法两全时仍须有人署名定夺，责任不能被推给更弱者；我接受仍有隐情未被辨明。|智>体:未经核实的确信只会让错误披上正义外衣，事实必须先于结论。因此我选择测频率与瓶壁厚度；我接受身体与资源要承受额外压力。|敏>精:面对这段倒影，我选择去取一批新瓶，暂不分析。完美方案若永远停在准备中，便只是逃避行动的体面名字；我接受这份决定无法让所有人心安。|感>力:真相常藏在不合常理的小处，细微异常也可能保存完整证词。因此我选择听每只瓶是否同音；我接受暂不以强力终结争执。
布料染偏·规则照不到的地方|商店订了深蓝披风，染出来略偏紫，恰好某位顾客很喜欢。在“布料染偏”映出的裂隙中，原委托人还没来。当倒影被命名为“布料染偏”，命运可以限制选择，却不能替选择者宣称内心从未参与。|体>精:我无愧于先确保披风防雨性能这一选择。所有宏大目标最终都要由会疲惫、会受伤的身体承担；我接受这份决定无法让所有人心安。|精>力:我会先问原委托人愿否接受。这份选择承认，沉默不等于同意，让当事人保有声音才使善意不至于越界；我接受暂不以强力终结争执。|力>智:我无愧于退回重染，按原单交付这一选择。无法两全时仍须有人署名定夺，责任不能被推给更弱者；我接受这未必是计算中的最优解。|智>敏:我会测色差与可再染程度。这份选择承认，未经核实的确信只会让错误披上正义外衣，事实必须先于结论；我接受变通空间随之缩小。|敏>感:我无愧于另做一件蓝的，紫的留售这一选择。旧路已经制造眼前困局，改变方向才能为未来保留新的出口；我接受仍有隐情未被辨明。|感>体:我会看偏色在日光下是否明显。这份选择承认，真相常藏在不合常理的小处，细微异常也可能保存完整证词；我接受身体与资源要承受额外压力。
草药晒过头·怜悯与尊严|花雨药圃的草药晒得发脆，收购员明天来，药农担心全批作废。“草药晒过头”没有留下裁决，只让这一事实显露出来：精确可以解释因果，却不能自动决定哪些风险有资格由别人承担。透过“草药晒过头”，片段把被忽略之物推到眼前：怜悯可以减轻痛苦，不能代替另一个人决定何种生活值得继续。|体>敏:先留可用部分供病人。我看破了这一层：伤痛不会因目标正确便失去重量，具体生命必须先被接住；我接受错过最快的时机。|精>感:我接受某些细节会留在暗处。我仍选择坦诚告诉收购员，不隐瞒，因为沉默不等于同意，让当事人保有声音才使善意不至于越界。|力>体:分拣并剔除过晒草。我看破了这一层：无法两全时仍须有人署名定夺，责任不能被推给更弱者；我接受生存保障暂时后退。|智>精:我接受关系会留下裂痕。我仍选择测活性后按等级定价，因为未经核实的确信只会让错误披上正义外衣，事实必须先于结论。|敏>力:赶夜露回潮试救一批。我看破了这一层：时机本身就是因果，迟到的正确无法挽回已经发生的损失；我接受放下强行定夺的权力。|感>智:我接受理性暂时得不到整齐答案。我仍选择看脆叶与正常叶的差别，因为真相常藏在不合常理的小处，细微异常也可能保存完整证词。
磨刀学徒换角度·被推迟的后果|学徒偷偷改了刀刃角度，切蔬菜更快，却不适合委托人的战斗习惯。作品凝结了创造者的意志，也可能把未经同意的代价交给使用它的人；这正是“磨刀学徒换角度”无法替任何人抹去的部分。宽恕若绕过受害者，只是旁观者急于结束不安的方式；自“磨刀学徒换角度”发生以后，沉默也带有了方向。|体>力:伤痛不会因目标正确便失去重量，具体生命必须先被接住。因此我选择先试安全握持，不谈速度；我接受放下强行定夺的权力。|精>智:面对这段倒影，我选择请学徒向委托人解释。沉默不等于同意，让当事人保有声音才使善意不至于越界；我接受理性暂时得不到整齐答案。|力>敏:无法两全时仍须有人署名定夺，责任不能被推给更弱者。因此我选择重磨成原角度；我接受错过最快的时机。|智>感:面对这段倒影，我选择比切割和耐用数据。眼前有效不等于长久正确，未被计算的后果终会从未来回来索债；我接受某些细节会留在暗处。|敏>体:时机本身就是因果，迟到的正确无法挽回已经发生的损失。因此我选择赶做第二把供选择；我接受生存保障暂时后退。|感>精:面对这段倒影，我选择看刃口哪里已经变薄。真相常藏在不合常理的小处，细微异常也可能保存完整证词；我接受关系会留下裂痕。
炼金废液去处·不可替代之物|炼金铺一桶废液即将满，排进河道省钱，运到回收站要错过交货时间。“炼金废液去处”让旁观者无从退回无知，因为失败并不只属于工坊，知识若隐去自身的伤痕，后来者便会再次替它流血。“炼金废液去处”最终保存的不是答案，而是这项无法回避的事实：善意若不允许被帮助者拒绝，便会在不知不觉间变成温柔的强迫。|体>感:我会先封桶防人接触，订单暂缓。这份选择承认，所有宏大目标最终都要由会疲惫、会受伤的身体承担；我接受直觉仍在发出相反提醒。|精>体:我无愧于告知下游居民并征意见这一选择。沉默不等于同意，让当事人保有声音才使善意不至于越界；我接受眼前安稳不再优先。|力>精:我会禁止入河，直接停产。这份选择承认，伤害若不被明确拒绝，退让便会成为下一次伤害的许可；我接受和解不会立刻到来。|智>力:我无愧于验成分决定回收类别这一选择。未经核实的确信只会让错误披上正义外衣，事实必须先于结论；我接受边界不能立刻建立。|敏>智:我会连夜运去回收站，不细测。这份选择承认，完美方案若永远停在准备中，便只是逃避行动的体面名字；我接受因果尚未完全查清。|感>敏:我无愧于看桶底是否已有渗漏这一选择。真相常藏在不合常理的小处，细微异常也可能保存完整证词；我接受行动不得不慢下来。
皮甲过紧·答案消失以后|皮甲在试穿时勒住弓手呼吸，裁缝说战斗中会撑开，弓手下午出发。弓手下午出发。在名为“皮甲过紧”的记忆里，技艺追求突破的同时暴露出另一条界线，有能力做到并不等于有权去做。身份提供归属也制造边界，人一旦被归入某个名字，独特之处便可能被抹去；“皮甲过紧”使这层代价再也无法藏回惯例之中。|体>智:我接受因果尚未完全查清。我仍选择先放松胸带确保呼吸，因为所有宏大目标最终都要由会疲惫、会受伤的身体承担。|精>敏:听弓手说最难受的位置。我看破了这一层：沉默不等于同意，让当事人保有声音才使善意不至于越界；我接受行动不得不慢下来。|力>感:我接受直觉仍在发出相反提醒。我仍选择拆甲重裁，不交这件，因为伤害若不被明确拒绝，退让便会成为下一次伤害的许可。|智>体:按拉弓动作重算尺寸。我看破了这一层：未经核实的确信只会让错误披上正义外衣，事实必须先于结论；我接受眼前安稳不再优先。|敏>精:我接受和解不会立刻到来。我仍选择临时换备用甲，不量旧甲，因为旧路已经制造眼前困局，改变方向才能为未来保留新的出口。|感>力:看肩腋折痕找勒点。我看破了这一层：真相常藏在不合常理的小处，细微异常也可能保存完整证词；我接受边界不能立刻建立。
木工缺榫·必要之恶的名字|在“木工缺榫”映出的裂隙中，新做的家具少一个榫头，放轻物还稳，店主想作为优惠品卖给新家庭。当倒影被命名为“木工缺榫”，命运可以限制选择，却不能替选择者宣称内心从未参与。|体>精:面对这段倒影，我选择注明最大载重和倾倒风险。所有宏大目标最终都要由会疲惫、会受伤的身体承担；我接受和解不会立刻到来。|精>力:沉默不等于同意，让当事人保有声音才使善意不至于越界。因此我选择诚实说明缺口，尊重买家选择；我接受边界不能立刻建立。|力>智:面对这段倒影，我选择写明不得售卖。无法两全时仍须有人署名定夺，责任不能被推给更弱者；我接受因果尚未完全查清。|智>敏:未经核实的确信只会让错误披上正义外衣，事实必须先于结论。因此我选择给出实测载荷数值；我接受行动不得不慢下来。|敏>感:面对这段倒影，我选择提供现修服务，暂不查材质。完美方案若永远停在准备中，便只是逃避行动的体面名字；我接受直觉仍在发出相反提醒。|感>体:表面的安静不能证明没有伤害，未被看见的后果仍会找到承担者。因此我选择拍出缺榫的具体位置；我接受眼前安稳不再优先。
药草与杂草·命运没有署名|学徒采回一筐青叶，药师发现其中混了一株形似药草的苦叶。今晚要配百瓶。“药草与杂草”没有留下裁决，只让这一事实显露出来：精确可以解释因果，却不能自动决定哪些风险有资格由别人承担。透过“药草与杂草”，片段把被忽略之物推到眼前：怜悯可以减轻痛苦，不能代替另一个人决定何种生活值得继续。|体>敏:我无愧于先停配药确保病人安全这一选择。伤痛不会因目标正确便失去重量，具体生命必须先被接住；我接受变通空间随之缩小。|精>感:我会教同伴辨叶，不责学徒。这份选择承认，共同承担不是把代价摊薄，而是不让最沉默的人独自负重；我接受仍有隐情未被辨明。|力>体:我无愧于整筐退回重采这一选择。无法两全时仍须有人署名定夺，责任不能被推给更弱者；我接受身体与资源要承受额外压力。|智>精:我会按叶脉和气味制定筛法。这份选择承认，眼前有效不等于长久正确，未被计算的后果终会从未来回来索债；我接受这份决定无法让所有人心安。|敏>力:我无愧于跑去另采一筐，不细分这一选择。时机本身就是因果，迟到的正确无法挽回已经发生的损失；我接受暂不以强力终结争执。|感>智:我会逐叶看苦叶锯齿。这份选择承认，真相常藏在不合常理的小处，细微异常也可能保存完整证词；我接受这未必是计算中的最优解。
护符的署名·共同体的裂缝|祝福师做好护符，学徒在背面悄悄刻了自己的名字，委托人以为全由师傅制作。作品凝结了创造者的意志，也可能把未经同意的代价交给使用它的人；这正是“护符的署名”无法替任何人抹去的部分。宽恕若绕过受害者，只是旁观者急于结束不安的方式；自“护符的署名”发生以后，沉默也带有了方向。|体>力:先验护符保护效果。我看破了这一层：脆弱不是被排到最后的理由，保护生命正是责任最先抵达之处；我接受暂不以强力终结争执。|精>智:我接受这未必是计算中的最优解。我仍选择让学徒自己向委托人说明，因为沉默不等于同意，让当事人保有声音才使善意不至于越界。|力>敏:要求补刻师徒双方名。我看破了这一层：伤害若不被明确拒绝，退让便会成为下一次伤害的许可；我接受变通空间随之缩小。|智>感:我接受仍有隐情未被辨明。我仍选择拆分各工序贡献，因为眼前有效不等于长久正确，未被计算的后果终会从未来回来索债。|敏>体:赶做署名说明卡。我看破了这一层：时机本身就是因果，迟到的正确无法挽回已经发生的损失；我接受身体与资源要承受额外压力。|感>精:我接受这份决定无法让所有人心安。我仍选择看刻字是否损坏符阵，因为真相常藏在不合常理的小处，细微异常也可能保存完整证词。
冰柜停电·无辜者的价格|药铺冰柜的供能石耗尽，治疗剂可能失温，店主还有一个备用石留给夜间照明。“冰柜停电”让旁观者无从退回无知，因为失败并不只属于工坊，知识若隐去自身的伤痕，后来者便会再次替它流血。“冰柜停电”最终保存的不是答案，而是这项无法回避的事实：善意若不允许被帮助者拒绝，便会在不知不觉间变成温柔的强迫。|体>感:伤痛不会因目标正确便失去重量，具体生命必须先被接住。因此我选择先保治疗剂，夜间改提灯；我接受某些细节会留在暗处。|精>体:面对这段倒影，我选择请店员讲夜间照明风险。共同承担不是把代价摊薄，而是不让最沉默的人独自负重；我接受生存保障暂时后退。|力>精:伤害若不被明确拒绝，退让便会成为下一次伤害的许可。因此我选择将备用石装冰柜，立即停售夜药；我接受关系会留下裂痕。|智>力:面对这段倒影，我选择算药剂可耐失温时长。未经核实的确信只会让错误披上正义外衣，事实必须先于结论；我接受放下强行定夺的权力。|敏>智:时机本身就是因果，迟到的正确无法挽回已经发生的损失。因此我选择跑去借供能石，不先测药；我接受理性暂时得不到整齐答案。|感>敏:面对这段倒影，我选择摸瓶温与石余热。表面的安静不能证明没有伤害，未被看见的后果仍会找到承担者；我接受错过最快的时机。
裁缝绣错徽·有限中的承担|公会披风绣上了旧队徽，队伍已经换名，老成员觉得旧徽更亲切。在名为“裁缝绣错徽”的记忆里，技艺追求突破的同时暴露出另一条界线，有能力做到并不等于有权去做。身份提供归属也制造边界，人一旦被归入某个名字，独特之处便可能被抹去；“裁缝绣错徽”使这层代价再也无法藏回惯例之中。|体>智:我会先确认披风耐用，不急改徽。这份选择承认，所有宏大目标最终都要由会疲惫、会受伤的身体承担；我接受理性暂时得不到整齐答案。|精>敏:我无愧于让新旧成员共同决定这一选择。共同承担不是把代价摊薄，而是不让最沉默的人独自负重；我接受错过最快的时机。|力>感:我会按现队名拆绣重做。这份选择承认，无法两全时仍须有人署名定夺，责任不能被推给更弱者；我接受某些细节会留在暗处。|智>体:我无愧于查队徽登记与委托单这一选择。未经核实的确信只会让错误披上正义外衣，事实必须先于结论；我接受生存保障暂时后退。|敏>精:我会加一块可拆徽布赶交。这份选择承认，时机本身就是因果，迟到的正确无法挽回已经发生的损失；我接受关系会留下裂痕。|感>力:我无愧于看旧徽是否有纪念意义这一选择。真相常藏在不合常理的小处，细微异常也可能保存完整证词；我接受放下强行定夺的权力。
炉边发现细沙·身份与枷锁|在“炉边发现细沙”映出的裂隙中，铁剑坯里混入细沙，打磨后外面看不出；顾客准备拿它护身。当倒影被命名为“炉边发现细沙”，命运可以限制选择，却不能替选择者宣称内心从未参与。|体>精:我接受关系会留下裂痕。我仍选择不给顾客带走，先配备用剑，因为所有宏大目标最终都要由会疲惫、会受伤的身体承担。|精>力:告诉顾客实情并道歉。我看破了这一层：关系不是结果之后的装饰，被理解本身就是不可替代的需要；我接受放下强行定夺的权力。|力>智:我接受理性暂时得不到整齐答案。我仍选择熔掉重铸，因为无法两全时仍须有人署名定夺，责任不能被推给更弱者。|智>敏:做断裂和韧性测试。我看破了这一层：未经核实的确信只会让错误披上正义外衣，事实必须先于结论；我接受错过最快的时机。|敏>感:我接受某些细节会留在暗处。我仍选择先交另一把现货，沙因后查，因为旧路已经制造眼前困局，改变方向才能为未来保留新的出口。|感>体:查沙来自矿料还是铸模。我看破了这一层：真相常藏在不合常理的小处，细微异常也可能保存完整证词；我接受生存保障暂时后退。
糕点用错糖·因果的盲区|面包师把魔力糖当普通糖放进节庆饼，孩子们已经排队，魔力糖可能让人夜里睡不着。“糕点用错糖”没有留下裁决，只让这一事实显露出来：精确可以解释因果，却不能自动决定哪些风险有资格由别人承担。透过“糕点用错糖”，片段把被忽略之物推到眼前：怜悯可以减轻痛苦，不能代替另一个人决定何种生活值得继续。|体>敏:面对这段倒影，我选择先别发饼，给孩子普通点心。所有宏大目标最终都要由会疲惫、会受伤的身体承担；我接受行动不得不慢下来。|精>感:沉默不等于同意，让当事人保有声音才使善意不至于越界。因此我选择向排队者解释，不瞒配料；我接受直觉仍在发出相反提醒。|力>体:面对这段倒影，我选择整盘撤下重做。伤害若不被明确拒绝，退让便会成为下一次伤害的许可；我接受眼前安稳不再优先。|智>精:未经核实的确信只会让错误披上正义外衣，事实必须先于结论。因此我选择查实际糖量与效力；我接受和解不会立刻到来。|敏>力:面对这段倒影，我选择赶制无糖饼替换。时机本身就是因果，迟到的正确无法挽回已经发生的损失；我接受边界不能立刻建立。|感>智:真相常藏在不合常理的小处，细微异常也可能保存完整证词。因此我选择核每块饼是否都混入；我接受因果尚未完全查清。
炼金师的空瓶·被保护者的意志|炼金师总把空瓶带回重用，今日有一只瓶口磨花但仍能封。学徒说药只保存一天。作品凝结了创造者的意志，也可能把未经同意的代价交给使用它的人；这正是“炼金师的空瓶”无法替任何人抹去的部分。宽恕若绕过受害者，只是旁观者急于结束不安的方式；自“炼金师的空瓶”发生以后，沉默也带有了方向。|体>力:我无愧于换新瓶避免泄漏这一选择。脆弱不是被排到最后的理由，保护生命正是责任最先抵达之处；我接受边界不能立刻建立。|精>智:我会请学徒说明担忧，不强压。这份选择承认，沉默不等于同意，让当事人保有声音才使善意不至于越界；我接受因果尚未完全查清。|力>敏:我无愧于淘汰这只旧瓶这一选择。无法两全时仍须有人署名定夺，责任不能被推给更弱者；我接受行动不得不慢下来。|智>感:我会试封口一日的稳定性。这份选择承认，眼前有效不等于长久正确，未被计算的后果终会从未来回来索债；我接受直觉仍在发出相反提醒。|敏>体:我无愧于跑去拿瓶盖补救这一选择。时机本身就是因果，迟到的正确无法挽回已经发生的损失；我接受眼前安稳不再优先。|感>精:我会看磨痕有没有贯通。这份选择承认，真相常藏在不合常理的小处，细微异常也可能保存完整证词；我接受和解不会立刻到来。
双手锤柄·时间拒绝归还|一柄双手锤按左手使用者订做，师傅交货时发现握柄反向缠了布，顾客正在门口。“双手锤柄”让旁观者无从退回无知，因为失败并不只属于工坊，知识若隐去自身的伤痕，后来者便会再次替它流血。“双手锤柄”最终保存的不是答案，而是这项无法回避的事实：善意若不允许被帮助者拒绝，便会在不知不觉间变成温柔的强迫。|体>感:先让顾客试握，防手滑。我看破了这一层：所有宏大目标最终都要由会疲惫、会受伤的身体承担；我接受仍有隐情未被辨明。|精>体:我接受身体与资源要承受额外压力。我仍选择承认失误并问他赶不赶时间，因为沉默不等于同意，让当事人保有声音才使善意不至于越界。|力>精:现场拆布重缠。我看破了这一层：无法两全时仍须有人署名定夺，责任不能被推给更弱者；我接受这份决定无法让所有人心安。|智>力:我接受暂不以强力终结争执。我仍选择分析反缠对发力的影响，因为未经核实的确信只会让错误披上正义外衣，事实必须先于结论。|敏>智:送备用握套先用。我看破了这一层：完美方案若永远停在准备中，便只是逃避行动的体面名字；我接受这未必是计算中的最优解。|感>敏:我接受变通空间随之缩小。我仍选择看哪一圈最易滑脱，因为真相常藏在不合常理的小处，细微异常也可能保存完整证词。
未写药性·力量必须止步之处|新草药名录把“退热”写得很醒目，下面“忌与铁剂同服”被装订遮住。药师想先印一百册。在名为“未写药性”的记忆里，技艺追求突破的同时暴露出另一条界线，有能力做到并不等于有权去做。身份提供归属也制造边界，人一旦被归入某个名字，独特之处便可能被抹去；“未写药性”使这层代价再也无法藏回惯例之中。|体>智:伤痛不会因目标正确便失去重量，具体生命必须先被接住。因此我选择先暂停发给病人；我接受这未必是计算中的最优解。|精>敏:面对这段倒影，我选择提醒编者改版不是责备。共同承担不是把代价摊薄，而是不让最沉默的人独自负重；我接受变通空间随之缩小。|力>感:无法两全时仍须有人署名定夺，责任不能被推给更弱者。因此我选择拆册重印，不先发行；我接受仍有隐情未被辨明。|智>体:面对这段倒影，我选择重新排版突出禁忌。眼前有效不等于长久正确，未被计算的后果终会从未来回来索债；我接受身体与资源要承受额外压力。|敏>精:时机本身就是因果，迟到的正确无法挽回已经发生的损失。因此我选择加贴红色警示条赶印；我接受这份决定无法让所有人心安。|感>力:面对这段倒影，我选择逐页核是否还有遮字。真相常藏在不合常理的小处，细微异常也可能保存完整证词；我接受暂不以强力终结争执。
修钟缺齿·知识不能赦免|在“修钟缺齿”映出的裂隙中，钟楼齿轮掉一齿，钟仍每天慢走半刻；修好要停钟一天，节庆正靠钟点安排。当倒影被命名为“修钟缺齿”，命运可以限制选择，却不能替选择者宣称内心从未参与。|体>精:我会先告知全镇当前时间误差。这份选择承认，所有宏大目标最终都要由会疲惫、会受伤的身体承担；我接受这份决定无法让所有人心安。|精>力:我无愧于与商户商量停钟日这一选择。沉默不等于同意，让当事人保有声音才使善意不至于越界；我接受暂不以强力终结争执。|力>智:我会今日停钟立即修。这份选择承认，伤害若不被明确拒绝，退让便会成为下一次伤害的许可；我接受这未必是计算中的最优解。|智>敏:我无愧于算误差累积后定维修窗这一选择。未经核实的确信只会让错误披上正义外衣，事实必须先于结论；我接受变通空间随之缩小。|敏>感:我会加临时沙漏顶班。这份选择承认，完美方案若永远停在准备中，便只是逃避行动的体面名字；我接受仍有隐情未被辨明。|感>体:我无愧于查掉齿是否还会扩大这一选择。真相常藏在不合常理的小处，细微异常也可能保存完整证词；我接受身体与资源要承受额外压力。
新弓手套·忠诚的限度|皮匠为弓手做的手套防滑却太厚，弓手说拉弦时感觉不到箭尾。“新弓手套”没有留下裁决，只让这一事实显露出来：精确可以解释因果，却不能自动决定哪些风险有资格由别人承担。透过“新弓手套”，片段把被忽略之物推到眼前：怜悯可以减轻痛苦，不能代替另一个人决定何种生活值得继续。|体>敏:我接受错过最快的时机。我仍选择先保手指不磨伤，因为伤痛不会因目标正确便失去重量，具体生命必须先被接住。|精>感:让弓手说最重视手感还是防护。我看破了这一层：沉默不等于同意，让当事人保有声音才使善意不至于越界；我接受某些细节会留在暗处。|力>体:我接受生存保障暂时后退。我仍选择拆厚层重做，因为无法两全时仍须有人署名定夺，责任不能被推给更弱者。|智>精:测试厚度与命中差异。我看破了这一层：未经核实的确信只会让错误披上正义外衣，事实必须先于结论；我接受关系会留下裂痕。|敏>力:我接受放下强行定夺的权力。我仍选择借旧手套参赛，不调新款，因为旧路已经制造眼前困局，改变方向才能为未来保留新的出口。|感>智:看指尖哪处影响触觉。我看破了这一层：真相常藏在不合常理的小处，细微异常也可能保存完整证词；我接受理性暂时得不到整齐答案。
药剂的双标签·公平未曾抵达|一瓶治疗剂贴了两张不同批次标签，药师确定内容无毒，却不能确认过期日。病房要用它吗。作品凝结了创造者的意志，也可能把未经同意的代价交给使用它的人；这正是“药剂的双标签”无法替任何人抹去的部分。宽恕若绕过受害者，只是旁观者急于结束不安的方式；自“药剂的双标签”发生以后，沉默也带有了方向。|体>力:面对这段倒影，我选择不用，先拿合格药。伤痛不会因目标正确便失去重量，具体生命必须先被接住；我接受放下强行定夺的权力。|精>智:沉默不等于同意，让当事人保有声音才使善意不至于越界。因此我选择解释给病人听，不暗换；我接受理性暂时得不到整齐答案。|力>敏:面对这段倒影，我选择封存整批待查。伤害若不被明确拒绝，退让便会成为下一次伤害的许可；我接受错过最快的时机。|智>感:眼前有效不等于长久正确，未被计算的后果终会从未来回来索债。因此我选择凭配制日志推保存期；我接受某些细节会留在暗处。|敏>体:面对这段倒影，我选择立刻去另一间药房取药。时机本身就是因果，迟到的正确无法挽回已经发生的损失；我接受生存保障暂时后退。|感>精:真相常藏在不合常理的小处，细微异常也可能保存完整证词。因此我选择看瓶底沉淀判断新旧；我接受关系会留下裂痕。
旅途炉具·陌生人的位置|行商卖的便携炉很轻，试用时底座在风里晃；他明天要把二十套送去草原驿亭。“旅途炉具”让旁观者无从退回无知，因为失败并不只属于工坊，知识若隐去自身的伤痕，后来者便会再次替它流血。“旅途炉具”最终保存的不是答案，而是这项无法回避的事实：善意若不允许被帮助者拒绝，便会在不知不觉间变成温柔的强迫。|体>感:我无愧于先加稳底座，重量可增加这一选择。所有宏大目标最终都要由会疲惫、会受伤的身体承担；我接受直觉仍在发出相反提醒。|精>体:我会告诉行商使用者会担心。这份选择承认，共同承担不是把代价摊薄，而是不让最沉默的人独自负重；我接受眼前安稳不再优先。|力>精:我无愧于停售这批先返工这一选择。伤害若不被明确拒绝，退让便会成为下一次伤害的许可；我接受和解不会立刻到来。|智>力:我会测风载与重心。这份选择承认，未经核实的确信只会让错误披上正义外衣，事实必须先于结论；我接受边界不能立刻建立。|敏>智:我无愧于附地钉应急送货这一选择。完美方案若永远停在准备中，便只是逃避行动的体面名字；我接受因果尚未完全查清。|感>敏:我会查晃动来自哪只脚。这份选择承认，真相常藏在不合常理的小处，细微异常也可能保存完整证词；我接受行动不得不慢下来。
饼干配方让渡·故乡如何成立|糕点师把家传饼干教给饥荒救助点，救助点想公开配方，师傅担心家业。在名为“饼干配方让渡”的记忆里，技艺追求突破的同时暴露出另一条界线，有能力做到并不等于有权去做。身份提供归属也制造边界，人一旦被归入某个名字，独特之处便可能被抹去；“饼干配方让渡”使这层代价再也无法藏回惯例之中。|体>智:先确保能量产救饥，不争署名。我看破了这一层：脆弱不是被排到最后的理由，保护生命正是责任最先抵达之处；我接受因果尚未完全查清。|精>敏:我接受行动不得不慢下来。我仍选择保留师傅名字并征其同意，因为共同承担不是把代价摊薄，而是不让最沉默的人独自负重。|力>感:明确禁止未经许可公开。我看破了这一层：伤害若不被明确拒绝，退让便会成为下一次伤害的许可；我接受直觉仍在发出相反提醒。|智>体:我接受眼前安稳不再优先。我仍选择签限期使用与公开条款，因为规则若不计算沉默者承担的代价，精确也会成为稳定重复错误的工具。|敏>精:先做一批免费饼，配方后议。我看破了这一层：完美方案若永远停在准备中，便只是逃避行动的体面名字；我接受和解不会立刻到来。|感>力:我接受边界不能立刻建立。我仍选择问师傅最在意被复制哪一步，因为表面的安静不能证明没有伤害，未被看见的后果仍会找到承担者。
渔网破一角·被制造的天命|在“渔网破一角”映出的裂隙中，渔网补好了大洞，角落仍有细漏；捕鱼队说今天只捞小鱼够用。当倒影被命名为“渔网破一角”，命运可以限制选择，却不能替选择者宣称内心从未参与。|体>精:所有宏大目标最终都要由会疲惫、会受伤的身体承担。因此我选择先别冒海风险用这网；我接受和解不会立刻到来。|精>力:面对这段倒影，我选择告诉渔夫尚有细漏。共同承担不是把代价摊薄，而是不让最沉默的人独自负重；我接受边界不能立刻建立。|力>智:无法两全时仍须有人署名定夺，责任不能被推给更弱者。因此我选择拆下再补一遍；我接受因果尚未完全查清。|智>敏:面对这段倒影，我选择按目标鱼大小测漏率。未经核实的确信只会让错误披上正义外衣，事实必须先于结论；我接受行动不得不慢下来。|敏>感:完美方案若永远停在准备中，便只是逃避行动的体面名字。因此我选择备第二张网随船；我接受直觉仍在发出相反提醒。|感>体:面对这段倒影，我选择在水盆里看漏网位置。真相常藏在不合常理的小处，细微异常也可能保存完整证词；我接受眼前安稳不再优先。
低价的魔核·牺牲由谁决定|鉴物员发现一枚魔核成色比摊主标的好，摊主想低价卖给医馆救急。知道魔核的真实成色后。“低价的魔核”没有留下裁决，只让这一事实显露出来：精确可以解释因果，却不能自动决定哪些风险有资格由别人承担。透过“低价的魔核”，片段把被忽略之物推到眼前：怜悯可以减轻痛苦，不能代替另一个人决定何种生活值得继续。|体>敏:我会先确保医馆得到可用魔核。这份选择承认，所有宏大目标最终都要由会疲惫、会受伤的身体承担；我接受变通空间随之缩小。|精>感:我无愧于告诉摊主真实成色，尊重其决定这一选择。共同承担不是把代价摊薄，而是不让最沉默的人独自负重；我接受仍有隐情未被辨明。|力>体:我会阻止低价成交直到重标。这份选择承认，无法两全时仍须有人署名定夺，责任不能被推给更弱者；我接受身体与资源要承受额外压力。|智>精:我无愧于验纯度算合理价格这一选择。未经核实的确信只会让错误披上正义外衣，事实必须先于结论；我接受这份决定无法让所有人心安。|敏>力:我会先送核到医馆，不查价。这份选择承认，完美方案若永远停在准备中，便只是逃避行动的体面名字；我接受暂不以强力终结争执。|感>智:我无愧于复核成色是否看错这一选择。真相常藏在不合常理的小处，细微异常也可能保存完整证词；我接受这未必是计算中的最优解。
茶叶晒场·希望并非证据|花茶晒场的木架快倒，茶农说再晒半刻香味才足。游客正从架下走过。作品凝结了创造者的意志，也可能把未经同意的代价交给使用它的人；这正是“茶叶晒场”无法替任何人抹去的部分。宽恕若绕过受害者，只是旁观者急于结束不安的方式；自“茶叶晒场”发生以后，沉默也带有了方向。|体>力:我接受暂不以强力终结争执。我仍选择先让游客离架，不评香味，因为所有宏大目标最终都要由会疲惫、会受伤的身体承担。|精>智:说明风险请茶农自己停工。我看破了这一层：沉默不等于同意，让当事人保有声音才使善意不至于越界；我接受这未必是计算中的最优解。|力>敏:我接受变通空间随之缩小。我仍选择撑起木架并停晒，因为伤害若不被明确拒绝，退让便会成为下一次伤害的许可。|智>感:算受力与晒干时间。我看破了这一层：未经核实的确信只会让错误披上正义外衣，事实必须先于结论；我接受仍有隐情未被辨明。|敏>体:我接受身体与资源要承受额外压力。我仍选择搬茶到地席，不查架，因为完美方案若永远停在准备中，便只是逃避行动的体面名字。|感>精:看哪根支脚已裂。我看破了这一层：真相常藏在不合常理的小处，细微异常也可能保存完整证词；我接受这份决定无法让所有人心安。
缝合线用尽·失去之后的选择|医馆只剩一轴缝合线，两位患者分别伤在手和腿；新线明日才到。“缝合线用尽”让旁观者无从退回无知，因为失败并不只属于工坊，知识若隐去自身的伤痕，后来者便会再次替它流血。“缝合线用尽”最终保存的不是答案，而是这项无法回避的事实：善意若不允许被帮助者拒绝，便会在不知不觉间变成温柔的强迫。|体>感:面对这段倒影，我选择先给失血更多的患者。伤痛不会因目标正确便失去重量，具体生命必须先被接住；我接受某些细节会留在暗处。|精>体:共同承担不是把代价摊薄，而是不让最沉默的人独自负重。因此我选择让两人知道资源状况；我接受生存保障暂时后退。|力>精:面对这段倒影，我选择优先给急诊手术台。无法两全时仍须有人署名定夺，责任不能被推给更弱者；我接受关系会留下裂痕。|智>力:眼前有效不等于长久正确，未被计算的后果终会从未来回来索债。因此我选择按伤口长度分线；我接受放下强行定夺的权力。|敏>智:面对这段倒影，我选择赶去邻镇借线。时机本身就是因果，迟到的正确无法挽回已经发生的损失；我接受理性暂时得不到整齐答案。|感>敏:真相常藏在不合常理的小处，细微异常也可能保存完整证词。因此我选择复查哪伤需要缝合；我接受错过最快的时机。
锻造废铁·旁观者也在场|铁匠把一批废铁堆在巷口，拾荒孩子想拿去换钱，铁里混有锋利刀片。废铁混有刀片又有孩子想拾取。在名为“锻造废铁”的记忆里，技艺追求突破的同时暴露出另一条界线，有能力做到并不等于有权去做。身份提供归属也制造边界，人一旦被归入某个名字，独特之处便可能被抹去；“锻造废铁”使这层代价再也无法藏回惯例之中。|体>智:我无愧于先清掉刀片，再让孩子拿这一选择。所有宏大目标最终都要由会疲惫、会受伤的身体承担；我接受理性暂时得不到整齐答案。|精>敏:我会告诉孩子风险，尊重选择。这份选择承认，共同承担不是把代价摊薄，而是不让最沉默的人独自负重；我接受错过最快的时机。|力>感:我无愧于禁止孩子进入废铁堆这一选择。伤害若不被明确拒绝，退让便会成为下一次伤害的许可；我接受某些细节会留在暗处。|智>体:我会按材质分箱标价。这份选择承认，眼前有效不等于长久正确，未被计算的后果终会从未来回来索债；我接受生存保障暂时后退。|敏>精:我无愧于替孩子先搬安全铁块这一选择。完美方案若永远停在准备中，便只是逃避行动的体面名字；我接受关系会留下裂痕。|感>力:我会看刀片到底混在哪层。这份选择承认，真相常藏在不合常理的小处，细微异常也可能保存完整证词；我接受放下强行定夺的权力。
口述的纺织法·活着不是结论|在“口述的纺织法”映出的裂隙中，外地织娘愿教公会一门纺法，但她说的地方词学徒听不懂；今天只有一次课。当倒影被命名为“口述的纺织法”，命运可以限制选择，却不能替选择者宣称内心从未参与。|体>精:先让织娘休息，课短一点。我看破了这一层：伤痛不会因目标正确便失去重量，具体生命必须先被接住；我接受关系会留下裂痕。|精>力:我接受放下强行定夺的权力。我仍选择请她按自己的语言讲完，因为共同承担不是把代价摊薄，而是不让最沉默的人独自负重。|力>智:要求停课等译员。我看破了这一层：伤害若不被明确拒绝，退让便会成为下一次伤害的许可；我接受理性暂时得不到整齐答案。|智>敏:我接受错过最快的时机。我仍选择逐步写图解与术语，因为眼前有效不等于长久正确，未被计算的后果终会从未来回来索债。|敏>感:快画手势图，不追词义。我看破了这一层：时机本身就是因果，迟到的正确无法挽回已经发生的损失；我接受某些细节会留在暗处。|感>体:我接受生存保障暂时后退。我仍选择录下手势与每次拉线，因为表面的安静不能证明没有伤害，未被看见的后果仍会找到承担者。
炼金炉的黑烟·名字不能替代一个人|炼金炉升起黑烟，师傅说这是正常收尾，学徒却觉得喉咙发紧。“炼金炉的黑烟”没有留下裁决，只让这一事实显露出来：精确可以解释因果，却不能自动决定哪些风险有资格由别人承担。透过“炼金炉的黑烟”，片段把被忽略之物推到眼前：怜悯可以减轻痛苦，不能代替另一个人决定何种生活值得继续。|体>敏:脆弱不是被排到最后的理由，保护生命正是责任最先抵达之处。因此我选择先撤学徒通风，再评烟；我接受行动不得不慢下来。|精>感:面对这段倒影，我选择听学徒说完症状。沉默不等于同意，让当事人保有声音才使善意不至于越界；我接受直觉仍在发出相反提醒。|力>体:伤害若不被明确拒绝，退让便会成为下一次伤害的许可。因此我选择立即封炉停产；我接受眼前安稳不再优先。|智>精:面对这段倒影，我选择测烟中成分。未经核实的确信只会让错误披上正义外衣，事实必须先于结论；我接受和解不会立刻到来。|敏>力:时机本身就是因果，迟到的正确无法挽回已经发生的损失。因此我选择跑去开外墙风窗；我接受边界不能立刻建立。|感>智:面对这段倒影，我选择看黑烟与旧配方差别。真相常藏在不合常理的小处，细微异常也可能保存完整证词；我接受因果尚未完全查清。
自修的铠甲·悔意无法倒流|一件附魔铠甲夜里自己补上裂缝，白天穿戴者却感到更重。铁匠说不要拆咒。作品凝结了创造者的意志，也可能把未经同意的代价交给使用它的人；这正是“自修的铠甲”无法替任何人抹去的部分。宽恕若绕过受害者，只是旁观者急于结束不安的方式；自“自修的铠甲”发生以后，沉默也带有了方向。|体>力:我会先卸甲让穿戴者喘息。这份选择承认，所有宏大目标最终都要由会疲惫、会受伤的身体承担；我接受边界不能立刻建立。|精>智:我无愧于问穿戴者是否愿留此甲这一选择。沉默不等于同意，让当事人保有声音才使善意不至于越界；我接受因果尚未完全查清。|力>敏:我会解除自修附魔。这份选择承认，无法两全时仍须有人署名定夺，责任不能被推给更弱者；我接受行动不得不慢下来。|智>感:我无愧于测重量是否逐夜增加这一选择。未经核实的确信只会让错误披上正义外衣，事实必须先于结论；我接受直觉仍在发出相反提醒。|敏>体:我会换轻甲出战，旧甲后查。这份选择承认，旧路已经制造眼前困局，改变方向才能为未来保留新的出口；我接受眼前安稳不再优先。|感>精:我无愧于看新生铁纹从何处长出这一选择。真相常藏在不合常理的小处，细微异常也可能保存完整证词；我接受和解不会立刻到来。
木弓回弹过快·沉默也有方向|新木弓回弹迅猛，箭速高却擦伤射手腕。商人想以高伤害作宣传。“木弓回弹过快”让旁观者无从退回无知，因为失败并不只属于工坊，知识若隐去自身的伤痕，后来者便会再次替它流血。“木弓回弹过快”最终保存的不是答案，而是这项无法回避的事实：善意若不允许被帮助者拒绝，便会在不知不觉间变成温柔的强迫。|体>感:我接受仍有隐情未被辨明。我仍选择先写明护腕要求和受伤风险，因为伤痛不会因目标正确便失去重量，具体生命必须先被接住。|精>体:让试射者说真实体验。我看破了这一层：沉默不等于同意，让当事人保有声音才使善意不至于越界；我接受身体与资源要承受额外压力。|力>精:我接受这份决定无法让所有人心安。我仍选择暂停销售直到改弓，因为伤害若不被明确拒绝，退让便会成为下一次伤害的许可。|智>力:公开箭速与伤害数据。我看破了这一层：眼前有效不等于长久正确，未被计算的后果终会从未来回来索债；我接受暂不以强力终结争执。|敏>智:我接受这未必是计算中的最优解。我仍选择配一副护腕先卖，不查木材，因为完美方案若永远停在准备中，便只是逃避行动的体面名字。|感>敏:指出擦伤来自弓身哪点。我看破了这一层：表面的安静不能证明没有伤害，未被看见的后果仍会找到承担者；我接受变通空间随之缩小。
香料被混入·看破仍须行动|餐馆新香料和镇上已知致敏花粉相似，厨师闻不出来，十桌客人在等晚饭。在名为“香料被混入”的记忆里，技艺追求突破的同时暴露出另一条界线，有能力做到并不等于有权去做。身份提供归属也制造边界，人一旦被归入某个名字，独特之处便可能被抹去；“香料被混入”使这层代价再也无法藏回惯例之中。|体>智:面对这段倒影，我选择先出无香料餐，其他暂缓。所有宏大目标最终都要由会疲惫、会受伤的身体承担；我接受这未必是计算中的最优解。|精>敏:沉默不等于同意，让当事人保有声音才使善意不至于越界。因此我选择告知食客疑点让其选择；我接受变通空间随之缩小。|力>感:面对这段倒影，我选择整批香料停用。伤害若不被明确拒绝，退让便会成为下一次伤害的许可；我接受仍有隐情未被辨明。|智>体:眼前有效不等于长久正确，未被计算的后果终会从未来回来索债。因此我选择比对配料与致敏概率；我接受身体与资源要承受额外压力。|敏>精:面对这段倒影，我选择跑邻店取替代香料。时机本身就是因果，迟到的正确无法挽回已经发生的损失；我接受这份决定无法让所有人心安。|感>力:真相常藏在不合常理的小处，细微异常也可能保存完整证词。因此我选择在光下看粉末颗粒；我接受暂不以强力终结争执。
阵纹多一笔·没有清白的捷径|在“阵纹多一笔”映出的裂隙中，传送阵维修后多出一笔细纹，试用者说上次也见过；今晚有返镇旅人。当倒影被命名为“阵纹多一笔”，命运可以限制选择，却不能替选择者宣称内心从未参与。|体>精:我无愧于先让旅人住下，不冒传送险这一选择。所有宏大目标最终都要由会疲惫、会受伤的身体承担；我接受这份决定无法让所有人心安。|精>力:我会征询旅人是否愿等。这份选择承认，沉默不等于同意，让当事人保有声音才使善意不至于越界；我接受暂不以强力终结争执。|力>智:我无愧于封阵直到重刻这一选择。伤害若不被明确拒绝，退让便会成为下一次伤害的许可；我接受这未必是计算中的最优解。|智>敏:我会核新纹与旧图差异。这份选择承认，未经核实的确信只会让错误披上正义外衣，事实必须先于结论；我接受变通空间随之缩小。|敏>感:我无愧于改安排马车返镇这一选择。旧路已经制造眼前困局，改变方向才能为未来保留新的出口；我接受仍有隐情未被辨明。|感>体:我会看细纹是否自然裂缝。这份选择承认，真相常藏在不合常理的小处，细微异常也可能保存完整证词；我接受身体与资源要承受额外压力。
早熟云莓·未来向现在索债|果农新法术让云莓提早三日成熟，果皮漂亮，果肉却比平日软。“早熟云莓”没有留下裁决，只让这一事实显露出来：精确可以解释因果，却不能自动决定哪些风险有资格由别人承担。透过“早熟云莓”，片段把被忽略之物推到眼前：怜悯可以减轻痛苦，不能代替另一个人决定何种生活值得继续。|体>敏:先剔易腐果防食坏。我看破了这一层：所有宏大目标最终都要由会疲惫、会受伤的身体承担；我接受错过最快的时机。|精>感:我接受某些细节会留在暗处。我仍选择如实告知买主口感，因为沉默不等于同意，让当事人保有声音才使善意不至于越界。|力>体:不卖这批早熟果。我看破了这一层：无法两全时仍须有人署名定夺，责任不能被推给更弱者；我接受生存保障暂时后退。|智>精:我接受关系会留下裂痕。我仍选择测保鲜期与糖度，因为未经核实的确信只会让错误披上正义外衣，事实必须先于结论。|敏>力:当天做成果酱赶售。我看破了这一层：时机本身就是因果，迟到的正确无法挽回已经发生的损失；我接受放下强行定夺的权力。|感>智:我接受理性暂时得不到整齐答案。我仍选择摸果肉软度逐筐分，因为表面的安静不能证明没有伤害，未被看见的后果仍会找到承担者。
修船板的木钉·同情不能代为决定|船板修补时木钉不够，工匠用铁钉代替；渡船明早载人，河水略咸。作品凝结了创造者的意志，也可能把未经同意的代价交给使用它的人；这正是“修船板的木钉”无法替任何人抹去的部分。宽恕若绕过受害者，只是旁观者急于结束不安的方式；自“修船板的木钉”发生以后，沉默也带有了方向。|体>力:所有宏大目标最终都要由会疲惫、会受伤的身体承担。因此我选择先停载客改备用船；我接受放下强行定夺的权力。|精>智:面对这段倒影，我选择请工匠解释代换风险。沉默不等于同意，让当事人保有声音才使善意不至于越界；我接受理性暂时得不到整齐答案。|力>敏:无法两全时仍须有人署名定夺，责任不能被推给更弱者。因此我选择拔铁钉重钉；我接受错过最快的时机。|智>感:面对这段倒影，我选择算腐蚀和松动时限。未经核实的确信只会让错误披上正义外衣，事实必须先于结论；我接受某些细节会留在暗处。|敏>体:时机本身就是因果，迟到的正确无法挽回已经发生的损失。因此我选择借邻船赶渡，不拆旧板；我接受生存保障暂时后退。|感>精:面对这段倒影，我选择看铁钉是否已起锈。真相常藏在不合常理的小处，细微异常也可能保存完整证词；我接受关系会留下裂痕。
魔石充错档·边界之内的勇气|公会照明魔石只需低档充能，学徒误充高档，灯更亮却发烫。夜课快开始。“魔石充错档”让旁观者无从退回无知，因为失败并不只属于工坊，知识若隐去自身的伤痕，后来者便会再次替它流血。“魔石充错档”最终保存的不是答案，而是这项无法回避的事实：善意若不允许被帮助者拒绝，便会在不知不觉间变成温柔的强迫。|体>感:我会关灯换冷石，夜课延后。这份选择承认，所有宏大目标最终都要由会疲惫、会受伤的身体承担；我接受直觉仍在发出相反提醒。|精>体:我无愧于提醒学徒别怕认错这一选择。共同承担不是把代价摊薄，而是不让最沉默的人独自负重；我接受眼前安稳不再优先。|力>精:我会立刻断开充能线。这份选择承认，无法两全时仍须有人署名定夺，责任不能被推给更弱者；我接受和解不会立刻到来。|智>力:我无愧于算高档温升与安全时长这一选择。未经核实的确信只会让错误披上正义外衣，事实必须先于结论；我接受边界不能立刻建立。|敏>智:我会搬灯到空旷讲堂。这份选择承认，完美方案若永远停在准备中，便只是逃避行动的体面名字；我接受因果尚未完全查清。|感>敏:我无愧于摸灯罩与石芯温差这一选择。表面的安静不能证明没有伤害，未被看见的后果仍会找到承担者；我接受行动不得不慢下来。
皮革染料掉色·问心无愧的代价|一副骑行手套遇雨就掉色，骑手说不影响用，店主准备再卖同批十副。在名为“皮革染料掉色”的记忆里，技艺追求突破的同时暴露出另一条界线，有能力做到并不等于有权去做。身份提供归属也制造边界，人一旦被归入某个名字，独特之处便可能被抹去；“皮革染料掉色”使这层代价再也无法藏回惯例之中。|体>智:我接受因果尚未完全查清。我仍选择先查掉色是否伤皮肤，因为伤痛不会因目标正确便失去重量，具体生命必须先被接住。|精>敏:提醒骑手和买家可自行决定。我看破了这一层：共同承担不是把代价摊薄，而是不让最沉默的人独自负重；我接受行动不得不慢下来。|力>感:我接受直觉仍在发出相反提醒。我仍选择暂停同批出售，因为伤害若不被明确拒绝，退让便会成为下一次伤害的许可。|智>体:测染料固色率。我看破了这一层：未经核实的确信只会让错误披上正义外衣，事实必须先于结论；我接受眼前安稳不再优先。|敏>精:我接受和解不会立刻到来。我仍选择换防水套罩着先用，因为旧路已经制造眼前困局，改变方向才能为未来保留新的出口。|感>力:比较不同批次的渗色。我看破了这一层：表面的安静不能证明没有伤害，未被看见的后果仍会找到承担者；我接受边界不能立刻建立。
备用药箱少锁·秩序的余数|救援队药箱装好了，却少一把锁，夜里会经过孩子很多的营地。队长说大家会看着箱子。在“备用药箱少锁”映出的裂隙中，精确可以解释因果，却不能自动决定哪些风险有资格由别人承担。当倒影被命名为“备用药箱少锁”，命运可以限制选择，却不能替选择者宣称内心从未参与。|体>精:面对这段倒影，我选择先加简易封带防误食。所有宏大目标最终都要由会疲惫、会受伤的身体承担；我接受和解不会立刻到来。|精>力:共同承担不是把代价摊薄，而是不让最沉默的人独自负重。因此我选择请队长指定看管人；我接受边界不能立刻建立。|力>智:面对这段倒影，我选择不交箱直到补锁。伤害若不被明确拒绝，退让便会成为下一次伤害的许可；我接受因果尚未完全查清。|智>敏:眼前有效不等于长久正确，未被计算的后果终会从未来回来索债。因此我选择做取药权限和清单；我接受行动不得不慢下来。|敏>感:面对这段倒影，我选择跑去借锁扣赶上出发。时机本身就是因果，迟到的正确无法挽回已经发生的损失；我接受直觉仍在发出相反提醒。|感>体:真相常藏在不合常理的小处，细微异常也可能保存完整证词。因此我选择检查箱内是否有高危药；我接受眼前安稳不再优先。
能说话的砧板·善意的边界|餐馆砧板突然能说出上一位厨师的切菜顺序，老板想用它训练新人；新人说被一直纠错很累。“能说话的砧板”没有留下裁决，只让这一事实显露出来：作品凝结了创造者的意志，也可能把未经同意的代价交给使用它的人。透过“能说话的砧板”，片段把被忽略之物推到眼前：怜悯可以减轻痛苦，不能代替另一个人决定何种生活值得继续。|体>敏:我无愧于先让新人按时休息，不用整日讲解这一选择。伤痛不会因目标正确便失去重量，具体生命必须先被接住；我接受变通空间随之缩小。|精>感:我会让新人决定何时听砧板。这份选择承认，共同承担不是把代价摊薄，而是不让最沉默的人独自负重；我接受仍有隐情未被辨明。|力>体:我无愧于关掉砧板声音，停止监督这一选择。伤害若不被明确拒绝，退让便会成为下一次伤害的许可；我接受身体与资源要承受额外压力。|智>精:我会只记录有效技巧给新人学。这份选择承认，未经核实的确信只会让错误披上正义外衣，事实必须先于结论；我接受这份决定无法让所有人心安。|敏>力:我无愧于在忙时用砧板提示，闲时停这一选择。完美方案若永远停在准备中，便只是逃避行动的体面名字；我接受暂不以强力终结争执。|感>智:我会辨砧板是否记错刀序。这份选择承认，真相常藏在不合常理的小处，细微异常也可能保存完整证词；我接受这未必是计算中的最优解。
锅盖的旧符·无人签名的代价|厨师在旧锅盖内侧发现加热符文，锅汤煮得更快，但盖沿已经烫手。失败并不只属于工坊，知识若隐去自身的伤痕，后来者便会再次替它流血；这正是“锅盖的旧符”无法替任何人抹去的部分。宽恕若绕过受害者，只是旁观者急于结束不安的方式；自“锅盖的旧符”发生以后，沉默也带有了方向。|体>力:先垫隔热布并降火。我看破了这一层：所有宏大目标最终都要由会疲惫、会受伤的身体承担；我接受暂不以强力终结争执。|精>智:我接受这未必是计算中的最优解。我仍选择告诉同伴别徒手掀盖，因为共同承担不是把代价摊薄，而是不让最沉默的人独自负重。|力>敏:拆掉符文恢复旧锅。我看破了这一层：无法两全时仍须有人署名定夺，责任不能被推给更弱者；我接受变通空间随之缩小。|智>感:我接受仍有隐情未被辨明。我仍选择测符文温升和汤温，因为未经核实的确信只会让错误披上正义外衣，事实必须先于结论。|敏>体:换普通锅赶饭点。我看破了这一层：时机本身就是因果，迟到的正确无法挽回已经发生的损失；我接受身体与资源要承受额外压力。|感>精:我接受这份决定无法让所有人心安。我仍选择看符文是否会扩到锅柄，因为真相常藏在不合常理的小处，细微异常也可能保存完整证词。
小号护具缺货·被多数遗忘的人|护具铺只有成人尺码，明天少年要参加正式试炼。没有合尺码护具。“小号护具缺货”让旁观者无从退回无知，因为技艺追求突破的同时暴露出另一条界线，有能力做到并不等于有权去做。“小号护具缺货”最终保存的不是答案，而是这项无法回避的事实：善意若不允许被帮助者拒绝，便会在不知不觉间变成温柔的强迫。|体>感:脆弱不是被排到最后的理由，保护生命正是责任最先抵达之处。因此我选择不买不合身护具，申请延期；我接受某些细节会留在暗处。|精>体:面对这段倒影，我选择先问少年是否愿等。沉默不等于同意，让当事人保有声音才使善意不至于越界；我接受生存保障暂时后退。|力>精:伤害若不被明确拒绝，退让便会成为下一次伤害的许可。因此我选择要求试炼方提供合规尺寸；我接受关系会留下裂痕。|智>力:面对这段倒影，我选择量身改一套成人护具。眼前有效不等于长久正确，未被计算的后果终会从未来回来索债；我接受放下强行定夺的权力。|敏>智:完美方案若永远停在准备中，便只是逃避行动的体面名字。因此我选择去邻镇找少年套装；我接受理性暂时得不到整齐答案。|感>敏:面对这段倒影，我选择试穿检查垫布是否移位。真相常藏在不合常理的小处，细微异常也可能保存完整证词；我接受错过最快的时机。
墨水里有砂·真相应付的账|在名为“墨水里有砂”的记忆里，公会契约抄本刚写完，墨里混细砂，签名处一摸就掉字；双方已带印章。身份提供归属也制造边界，人一旦被归入某个名字，独特之处便可能被抹去；“墨水里有砂”使这层代价再也无法藏回惯例之中。|体>智:我会先让双方休息，不急签风险纸。这份选择承认，伤痛不会因目标正确便失去重量，具体生命必须先被接住；我接受理性暂时得不到整齐答案。|精>敏:我无愧于说明纸可能掉字，请双方同意重写这一选择。沉默不等于同意，让当事人保有声音才使善意不至于越界；我接受错过最快的时机。|力>感:我会废掉抄本立刻重抄。这份选择承认，无法两全时仍须有人署名定夺，责任不能被推给更弱者；我接受某些细节会留在暗处。|智>体:我无愧于测试防砂固定方法这一选择。未经核实的确信只会让错误披上正义外衣，事实必须先于结论；我接受生存保障暂时后退。|敏>精:我会快取备用墨重写签名页。这份选择承认，时机本身就是因果，迟到的正确无法挽回已经发生的损失；我接受关系会留下裂痕。|感>力:我无愧于看其他页是否同样掉字这一选择。真相常藏在不合常理的小处，细微异常也可能保存完整证词；我接受放下强行定夺的权力。
小药杵裂纹·自由留下的伤口|药杵尾部裂了小纹，磨药仍顺手；药师怕夜班碎裂混进药粉。在“小药杵裂纹”映出的裂隙中，精确可以解释因果，却不能自动决定哪些风险有资格由别人承担。当倒影被命名为“小药杵裂纹”，命运可以限制选择，却不能替选择者宣称内心从未参与。|体>精:我接受关系会留下裂痕。我仍选择不要再用，换杵护病人，因为伤痛不会因目标正确便失去重量，具体生命必须先被接住。|精>力:向夜班说明顾虑，不瞒。我看破了这一层：沉默不等于同意，让当事人保有声音才使善意不至于越界；我接受放下强行定夺的权力。|力>智:我接受理性暂时得不到整齐答案。我仍选择当场销毁旧杵，因为无法两全时仍须有人署名定夺，责任不能被推给更弱者。|智>敏:列出可安全使用的药材范围。我看破了这一层：未经核实的确信只会让错误披上正义外衣，事实必须先于结论；我接受错过最快的时机。|敏>感:我接受某些细节会留在暗处。我仍选择借邻房药杵，暂不查裂，因为完美方案若永远停在准备中，便只是逃避行动的体面名字。|感>体:圈出裂纹位置供复核。我看破了这一层：真相常藏在不合常理的小处，细微异常也可能保存完整证词；我接受生存保障暂时后退。
纸鹤翅膀偏斜·职责之外|传话纸鹤能飞到收件人家，却总落在隔壁窗台；里面是病情消息。“纸鹤翅膀偏斜”没有留下裁决，只让这一事实显露出来：作品凝结了创造者的意志，也可能把未经同意的代价交给使用它的人。透过“纸鹤翅膀偏斜”，片段把被忽略之物推到眼前：怜悯可以减轻痛苦，不能代替另一个人决定何种生活值得继续。|体>敏:面对这段倒影，我选择先用人送急信，纸鹤后修。所有宏大目标最终都要由会疲惫、会受伤的身体承担；我接受行动不得不慢下来。|精>感:沉默不等于同意，让当事人保有声音才使善意不至于越界。因此我选择向收件人解释延误；我接受直觉仍在发出相反提醒。|力>体:面对这段倒影，我选择停用这批纸鹤。伤害若不被明确拒绝，退让便会成为下一次伤害的许可；我接受眼前安稳不再优先。|智>精:未经核实的确信只会让错误披上正义外衣，事实必须先于结论。因此我选择重算寻址符坐标；我接受和解不会立刻到来。|敏>力:面对这段倒影，我选择追着纸鹤飞去手递。时机本身就是因果，迟到的正确无法挽回已经发生的损失；我接受边界不能立刻建立。|感>智:真相常藏在不合常理的小处，细微异常也可能保存完整证词。因此我选择看翅膀折线与旧版差别；我接受因果尚未完全查清。
木门会回弹·胜利之后|公会新修木门关上又弹开，门后是仓库药剂；工匠说木头明日会稳定。失败并不只属于工坊，知识若隐去自身的伤痕，后来者便会再次替它流血；这正是“木门会回弹”无法替任何人抹去的部分。宽恕若绕过受害者，只是旁观者急于结束不安的方式；自“木门会回弹”发生以后，沉默也带有了方向。|体>力:我无愧于先把药移到安全房这一选择。伤痛不会因目标正确便失去重量，具体生命必须先被接住；我接受边界不能立刻建立。|精>智:我会与工匠商量夜间看守。这份选择承认，沉默不等于同意，让当事人保有声音才使善意不至于越界；我接受因果尚未完全查清。|力>敏:我无愧于拆门重装锁扣这一选择。无法两全时仍须有人署名定夺，责任不能被推给更弱者；我接受行动不得不慢下来。|智>感:我会测湿度和门框角度。这份选择承认，未经核实的确信只会让错误披上正义外衣，事实必须先于结论；我接受直觉仍在发出相反提醒。|敏>体:我无愧于安排巡逻来回看仓这一选择。完美方案若永远停在准备中，便只是逃避行动的体面名字；我接受眼前安稳不再优先。|感>精:我会查回弹是合页还是门框。这份选择承认，真相常藏在不合常理的小处，细微异常也可能保存完整证词；我接受和解不会立刻到来。
织机替人唱歌·沉默的共谋|织机每织完一段就唱出织工心里想的歌，产量提升，织工却不愿让顾客听见。“织机替人唱歌”让旁观者无从退回无知，因为技艺追求突破的同时暴露出另一条界线，有能力做到并不等于有权去做。“织机替人唱歌”最终保存的不是答案，而是这项无法回避的事实：善意若不允许被帮助者拒绝，便会在不知不觉间变成温柔的强迫。|体>感:先让织工正常休息，不追产量。我看破了这一层：伤痛不会因目标正确便失去重量，具体生命必须先被接住；我接受仍有隐情未被辨明。|精>体:我接受身体与资源要承受额外压力。我仍选择按织工意愿隔音，因为共同承担不是把代价摊薄，而是不让最沉默的人独自负重。|力>精:停用会泄露心声的织机。我看破了这一层：伤害若不被明确拒绝，退让便会成为下一次伤害的许可；我接受这份决定无法让所有人心安。|智>力:我接受暂不以强力终结争执。我仍选择研究能否只保留提速符，因为眼前有效不等于长久正确，未被计算的后果终会从未来回来索债。|敏>智:改到关门时织，不查符文。我看破了这一层：旧路已经制造眼前困局，改变方向才能为未来保留新的出口；我接受这未必是计算中的最优解。|感>敏:我接受变通空间随之缩小。我仍选择听歌声是否真来自心念，因为真相常藏在不合常理的小处，细微异常也可能保存完整证词。
