半夜涨价的药·无法平分的正义|夜里只有一家药铺开门，退热药突然涨到三倍；店主说上游运输断了。病人家属带的钱刚好不够。在名为“半夜涨价的药”的记忆里，价格把不同事物写在同一张账上，却无法证明生命、尊严与时间真的可以等价交换。身份提供归属也制造边界，人一旦被归入某个名字，独特之处便可能被抹去；“半夜涨价的药”使这层代价再也无法藏回惯例之中。|体>智:伤痛不会因目标正确便失去重量，具体生命必须先被接住。因此我选择先垫缺额拿药，账后核；我接受这未必是计算中的最优解。|精>敏:面对这段倒影，我选择请店主说明成本并求缓付。沉默不等于同意，让当事人保有声音才使善意不至于越界；我接受变通空间随之缩小。|力>感:伤害若不被明确拒绝，退让便会成为下一次伤害的许可。因此我选择要求按白天价出售；我接受仍有隐情未被辨明。|智>体:面对这段倒影，我选择核进货单和真实成本。未经核实的确信只会让错误披上正义外衣，事实必须先于结论；我接受身体与资源要承受额外压力。|敏>精:时机本身就是因果，迟到的正确无法挽回已经发生的损失。因此我选择赶去外镇找药，不查本店价；我接受这份决定无法让所有人心安。|感>力:面对这段倒影，我选择看货架是否真只剩少量。真相常藏在不合常理的小处，细微异常也可能保存完整证词；我接受暂不以强力终结争执。
旧剑估价·记忆的所有权|在“旧剑估价”映出的裂隙中，一把旧剑被标成普通铁剑，鉴物时发现剑柄有名匠刻印；卖家是不了解父亲遗物的少年。当倒影被命名为“旧剑估价”，命运可以限制选择，却不能替选择者宣称内心从未参与。|体>精:我会先保证少年急需生活费。这份选择承认，所有宏大目标最终都要由会疲惫、会受伤的身体承担；我接受这份决定无法让所有人心安。|精>力:我无愧于告诉他刻印再由他决定这一选择。共同承担不是把代价摊薄，而是不让最沉默的人独自负重；我接受暂不以强力终结争执。|力>智:我会暂停交易避免趁不知情。这份选择承认，伤害若不被明确拒绝，退让便会成为下一次伤害的许可；我接受这未必是计算中的最优解。|智>敏:我无愧于查名匠作品市价这一选择。未经核实的确信只会让错误披上正义外衣，事实必须先于结论；我接受变通空间随之缩小。|敏>感:我会帮他赶去更可靠的鉴物所。这份选择承认，时机本身就是因果，迟到的正确无法挽回已经发生的损失；我接受仍有隐情未被辨明。|感>体:我无愧于核刻印真伪与年代这一选择。真相常藏在不合常理的小处，细微异常也可能保存完整证词；我接受身体与资源要承受额外压力。
订单只成交一半·活下来的重量|一名冒险者挂出的十份草药只成交五份，买主要求剩下五份仍按旧价预留；市场行情已上涨。“订单只成交一半”没有留下裁决，只让这一事实显露出来：市场仍能给出准确数字，数字之外却有人承担着从未参与议价的损失。透过“订单只成交一半”，片段把被忽略之物推到眼前：怜悯可以减轻痛苦，不能代替另一个人决定何种生活值得继续。|体>敏:我接受错过最快的时机。我仍选择先留药给急用病人，利润后算，因为伤痛不会因目标正确便失去重量，具体生命必须先被接住。|精>感:尊重已谈好的口头期待。我看破了这一层：共同承担不是把代价摊薄，而是不让最沉默的人独自负重；我接受某些细节会留在暗处。|力>体:我接受生存保障暂时后退。我仍选择明确未成交部分重新定价，因为无法两全时仍须有人署名定夺，责任不能被推给更弱者。|智>精:查订单条款与行情。我看破了这一层：未经核实的确信只会让错误披上正义外衣，事实必须先于结论；我接受关系会留下裂痕。|敏>力:我接受放下强行定夺的权力。我仍选择趁交易活跃卖给现买家，因为完美方案若永远停在准备中，便只是逃避行动的体面名字。|感>智:看买主是否真的需要五份。我看破了这一层：真相常藏在不合常理的小处，细微异常也可能保存完整证词；我接受理性暂时得不到整齐答案。
误付的尾款·承诺的背面|委托交付后公会多付一名冒险者一百铜币，财务账还没结，队友说没人会发现。所有权在纸面上清晰无比，正当性却在弱者没有拒绝余地时变得模糊；这正是“误付的尾款”无法替任何人抹去的部分。宽恕若绕过受害者，只是旁观者急于结束不安的方式；自“误付的尾款”发生以后，沉默也带有了方向。|体>力:面对这段倒影，我选择先给伤员分应得款，余款退还。伤痛不会因目标正确便失去重量，具体生命必须先被接住；我接受放下强行定夺的权力。|精>智:共同承担不是把代价摊薄，而是不让最沉默的人独自负重。因此我选择告诉队友退钱不针对他；我接受理性暂时得不到整齐答案。|力>敏:面对这段倒影，我选择立刻退回多付的币。无法两全时仍须有人署名定夺，责任不能被推给更弱者；我接受错过最快的时机。|智>感:未经核实的确信只会让错误披上正义外衣，事实必须先于结论。因此我选择查账找到差额来源；我接受某些细节会留在暗处。|敏>体:面对这段倒影，我选择赶在关账前送回。时机本身就是因果，迟到的正确无法挽回已经发生的损失；我接受生存保障暂时后退。|感>精:真相常藏在不合常理的小处，细微异常也可能保存完整证词。因此我选择核是否是额外补贴；我接受关系会留下裂痕。
跨镇运费·看见而不占有|行商想把药送去浮叶镇，运输费高到药价翻倍；买家是公会诊所。“跨镇运费”让旁观者无从退回无知，因为利益并非天然有罪，但它要求人承认自己的所得究竟由谁支付。“跨镇运费”最终保存的不是答案，而是这项无法回避的事实：善意若不允许被帮助者拒绝，便会在不知不觉间变成温柔的强迫。|体>感:我无愧于先保急药送达，利润再议这一选择。伤痛不会因目标正确便失去重量，具体生命必须先被接住；我接受直觉仍在发出相反提醒。|精>体:我会与诊所坦诚运费结构。这份选择承认，沉默不等于同意，让当事人保有声音才使善意不至于越界；我接受眼前安稳不再优先。|力>精:我无愧于按合同原价承担差额这一选择。无法两全时仍须有人署名定夺，责任不能被推给更弱者；我接受和解不会立刻到来。|智>力:我会拆分路线和装载降低费。这份选择承认，眼前有效不等于长久正确，未被计算的后果终会从未来回来索债；我接受边界不能立刻建立。|敏>智:我无愧于改乘快舟少带货这一选择。时机本身就是因果，迟到的正确无法挽回已经发生的损失；我接受因果尚未完全查清。|感>敏:我会查是否有重复收费。这份选择承认，真相常藏在不合常理的小处，细微异常也可能保存完整证词；我接受行动不得不慢下来。
只剩一块兽皮·选择者的债|猎户带回唯一完整兽皮，防具店和修棚工都想买；前者做护甲，后者补避雨棚。防具店和修棚工都要这块皮。在名为“只剩一块兽皮”的记忆里，价格把不同事物写在同一张账上，却无法证明生命、尊严与时间真的可以等价交换。身份提供归属也制造边界，人一旦被归入某个名字，独特之处便可能被抹去；“只剩一块兽皮”使这层代价再也无法藏回惯例之中。|体>智:给漏雨棚，先护村民。我看破了这一层：脆弱不是被排到最后的理由，保护生命正是责任最先抵达之处；我接受因果尚未完全查清。|精>敏:我接受行动不得不慢下来。我仍选择让两家协商分割，因为沉默不等于同意，让当事人保有声音才使善意不至于越界。|力>感:给防具店增强护卫。我看破了这一层：无法两全时仍须有人署名定夺，责任不能被推给更弱者；我接受直觉仍在发出相反提醒。|智>体:我接受眼前安稳不再优先。我仍选择算各用途收益再售，因为未经核实的确信只会让错误披上正义外衣，事实必须先于结论。|敏>精:先找其他材料顶棚。我看破了这一层：完美方案若永远停在准备中，便只是逃避行动的体面名字；我接受和解不会立刻到来。|感>力:我接受边界不能立刻建立。我仍选择检查皮是否适合做甲，因为真相常藏在不合常理的小处，细微异常也可能保存完整证词。
债单上的陌生签名·规则照不到的地方|在“债单上的陌生签名”映出的裂隙中，债务已还清，旧债单却多出一位一名冒险者不认识的担保人签名；钱庄说不影响销账。当倒影被命名为“债单上的陌生签名”，命运可以限制选择，却不能替选择者宣称内心从未参与。|体>精:脆弱不是被排到最后的理由，保护生命正是责任最先抵达之处。因此我选择先拿清偿凭证保护自己；我接受和解不会立刻到来。|精>力:面对这段倒影，我选择联系担保人解释情况。沉默不等于同意，让当事人保有声音才使善意不至于越界；我接受边界不能立刻建立。|力>智:伤害若不被明确拒绝，退让便会成为下一次伤害的许可。因此我选择要求钱庄撤销异常签名；我接受因果尚未完全查清。|智>敏:面对这段倒影，我选择查签名来源及法律效力。未经核实的确信只会让错误披上正义外衣，事实必须先于结论；我接受行动不得不慢下来。|敏>感:时机本身就是因果，迟到的正确无法挽回已经发生的损失。因此我选择赶在闭店前复印全卷；我接受直觉仍在发出相反提醒。|感>体:面对这段倒影，我选择核签名墨迹是否后加。真相常藏在不合常理的小处，细微异常也可能保存完整证词；我接受眼前安稳不再优先。
市场摊位抽签·怜悯与尊严|两位摊主抽到同一处好位置，一人拿纸签，一人拿电子登记；管理人说系统故障。“市场摊位抽签”没有留下裁决，只让这一事实显露出来：市场仍能给出准确数字，数字之外却有人承担着从未参与议价的损失。透过“市场摊位抽签”，片段把被忽略之物推到眼前：怜悯可以减轻痛苦，不能代替另一个人决定何种生活值得继续。|体>敏:我会先让易腐食品摊用阴凉位。这份选择承认，所有宏大目标最终都要由会疲惫、会受伤的身体承担；我接受变通空间随之缩小。|精>感:我无愧于听双方先前准备，不硬抢这一选择。共同承担不是把代价摊薄，而是不让最沉默的人独自负重；我接受仍有隐情未被辨明。|力>体:我会宣布重新公开抽签。这份选择承认，无法两全时仍须有人署名定夺，责任不能被推给更弱者；我接受身体与资源要承受额外压力。|智>精:我无愧于查纸签和系统日志这一选择。未经核实的确信只会让错误披上正义外衣，事实必须先于结论；我接受这份决定无法让所有人心安。|敏>力:我会另开一个临时摊位。这份选择承认，旧路已经制造眼前困局，改变方向才能为未来保留新的出口；我接受暂不以强力终结争执。|感>智:我无愧于看抽签盒是否混入重复号这一选择。真相常藏在不合常理的小处，细微异常也可能保存完整证词；我接受这未必是计算中的最优解。
银行多记利息·被推迟的后果|钱庄账单给一名冒险者的活期多记了利息，隔壁老人账单少记了同数额；柜员说这只是巧合。所有权在纸面上清晰无比，正当性却在弱者没有拒绝余地时变得模糊；这正是“银行多记利息”无法替任何人抹去的部分。宽恕若绕过受害者，只是旁观者急于结束不安的方式；自“银行多记利息”发生以后，沉默也带有了方向。|体>力:我接受暂不以强力终结争执。我仍选择先帮老人保证今天有取用钱，因为所有宏大目标最终都要由会疲惫、会受伤的身体承担。|精>智:请柜员与老人一起核账。我看破了这一层：共同承担不是把代价摊薄，而是不让最沉默的人独自负重；我接受这未必是计算中的最优解。|力>敏:我接受变通空间随之缩小。我仍选择要求冻结错账并更正，因为伤害若不被明确拒绝，退让便会成为下一次伤害的许可。|智>感:比对利率、日期与流水。我看破了这一层：眼前有效不等于长久正确，未被计算的后果终会从未来回来索债；我接受仍有隐情未被辨明。|敏>体:我接受身体与资源要承受额外压力。我仍选择赶到总柜台申诉，因为时机本身就是因果，迟到的正确无法挽回已经发生的损失。|感>精:看两张账单序号是否相邻。我看破了这一层：真相常藏在不合常理的小处，细微异常也可能保存完整证词；我接受这份决定无法让所有人心安。
未到货的木材·不可替代之物|一名冒险者预付了修屋木材，商人三天没送达却在集市卖同种木；他说那不是一名冒险者的批次。“未到货的木材”让旁观者无从退回无知，因为利益并非天然有罪，但它要求人承认自己的所得究竟由谁支付。“未到货的木材”最终保存的不是答案，而是这项无法回避的事实：善意若不允许被帮助者拒绝，便会在不知不觉间变成温柔的强迫。|体>感:面对这段倒影，我选择先给漏雨屋搭临时棚。所有宏大目标最终都要由会疲惫、会受伤的身体承担；我接受某些细节会留在暗处。|精>体:沉默不等于同意，让当事人保有声音才使善意不至于越界。因此我选择请商人解释运输延误；我接受生存保障暂时后退。|力>精:面对这段倒影，我选择要求立即交货或退款。伤害若不被明确拒绝，退让便会成为下一次伤害的许可；我接受关系会留下裂痕。|智>力:未经核实的确信只会让错误披上正义外衣，事实必须先于结论。因此我选择核批次、单据和仓库量；我接受放下强行定夺的权力。|敏>智:面对这段倒影，我选择去货站追车，不查摊木。时机本身就是因果，迟到的正确无法挽回已经发生的损失；我接受理性暂时得不到整齐答案。|感>敏:真相常藏在不合常理的小处，细微异常也可能保存完整证词。因此我选择看木纹与订货标记；我接受错过最快的时机。
拍卖中的假石·答案消失以后|拍卖一枚“治愈魔石”，一名冒险者发现光泽像普通荧石，台下有人准备高价买给病人。在名为“拍卖中的假石”的记忆里，价格把不同事物写在同一张账上，却无法证明生命、尊严与时间真的可以等价交换。身份提供归属也制造边界，人一旦被归入某个名字，独特之处便可能被抹去；“拍卖中的假石”使这层代价再也无法藏回惯例之中。|体>智:我无愧于先劝买家别靠此石治病这一选择。伤痛不会因目标正确便失去重量，具体生命必须先被接住；我接受理性暂时得不到整齐答案。|精>敏:我会私下提醒卖家可能误标。这份选择承认，共同承担不是把代价摊薄，而是不让最沉默的人独自负重；我接受错过最快的时机。|力>感:我无愧于公开要求暂停竞拍这一选择。伤害若不被明确拒绝，退让便会成为下一次伤害的许可；我接受某些细节会留在暗处。|智>体:我会申请现场检测光谱。这份选择承认，未经核实的确信只会让错误披上正义外衣，事实必须先于结论；我接受生存保障暂时后退。|敏>精:我无愧于赶在落槌前找鉴物员这一选择。时机本身就是因果，迟到的正确无法挽回已经发生的损失；我接受关系会留下裂痕。|感>力:我会指出石内光纹不对。这份选择承认，表面的安静不能证明没有伤害，未被看见的后果仍会找到承担者；我接受放下强行定夺的权力。
自由交易少一件·必要之恶的名字|面对面交易时对方交来三件材料，一名冒险者数出只有两件，界面显示“三件”。在“自由交易少一件”映出的裂隙中，对方说手滑少拿。当倒影被命名为“自由交易少一件”，命运可以限制选择，却不能替选择者宣称内心从未参与。|体>精:先把贵重物收好，暂不确认交易。我看破了这一层：所有宏大目标最终都要由会疲惫、会受伤的身体承担；我接受关系会留下裂痕。|精>力:我接受放下强行定夺的权力。我仍选择给对方补放材料的机会，因为共同承担不是把代价摊薄，而是不让最沉默的人独自负重。|力>智:拒绝确认并退回全部。我看破了这一层：伤害若不被明确拒绝，退让便会成为下一次伤害的许可；我接受理性暂时得不到整齐答案。|智>敏:我接受错过最快的时机。我仍选择核交易明细与背包数量，因为未经核实的确信只会让错误披上正义外衣，事实必须先于结论。|敏>感:迅速取消当前窗口重开。我看破了这一层：时机本身就是因果，迟到的正确无法挽回已经发生的损失；我接受某些细节会留在暗处。|感>体:我接受生存保障暂时后退。我仍选择看第三件是否叠在袋底，因为真相常藏在不合常理的小处，细微异常也可能保存完整证词。
护送报酬改口·命运没有署名|护送队到终点后，雇主说货损要扣报酬；货箱外有擦痕，但封条未破。“护送报酬改口”没有留下裁决，只让这一事实显露出来：市场仍能给出准确数字，数字之外却有人承担着从未参与议价的损失。透过“护送报酬改口”，片段把被忽略之物推到眼前：怜悯可以减轻痛苦，不能代替另一个人决定何种生活值得继续。|体>敏:伤痛不会因目标正确便失去重量，具体生命必须先被接住。因此我选择先让伤员领基本报酬；我接受行动不得不慢下来。|精>感:面对这段倒影，我选择请雇主说明损害并听护卫。沉默不等于同意，让当事人保有声音才使善意不至于越界；我接受直觉仍在发出相反提醒。|力>体:伤害若不被明确拒绝，退让便会成为下一次伤害的许可。因此我选择拒绝无证据扣款；我接受眼前安稳不再优先。|智>精:面对这段倒影，我选择按合同逐项核损。未经核实的确信只会让错误披上正义外衣，事实必须先于结论；我接受和解不会立刻到来。|敏>力:完美方案若永远停在准备中，便只是逃避行动的体面名字。因此我选择先找收货人证明货完好；我接受边界不能立刻建立。|感>智:面对这段倒影，我选择看箱内是否真受损。真相常藏在不合常理的小处，细微异常也可能保存完整证词；我接受因果尚未完全查清。
代售货物滞销·共同体的裂缝|一名冒险者替 NPC 代售手工杯，两周没卖出；她说想降价，一名冒险者知道是摊位太偏。所有权在纸面上清晰无比，正当性却在弱者没有拒绝余地时变得模糊；这正是“代售货物滞销”无法替任何人抹去的部分。宽恕若绕过受害者，只是旁观者急于结束不安的方式；自“代售货物滞销”发生以后，沉默也带有了方向。|体>力:我会先帮她保住日常收入。这份选择承认，所有宏大目标最终都要由会疲惫、会受伤的身体承担；我接受边界不能立刻建立。|精>智:我无愧于说明摊位问题，尊重她降价决定这一选择。沉默不等于同意，让当事人保有声音才使善意不至于越界；我接受因果尚未完全查清。|力>敏:我会要求市场调换摊位。这份选择承认，伤害若不被明确拒绝，退让便会成为下一次伤害的许可；我接受行动不得不慢下来。|智>感:我无愧于测价格与客流差异这一选择。未经核实的确信只会让错误披上正义外衣，事实必须先于结论；我接受直觉仍在发出相反提醒。|敏>体:我会换到节庆路口试卖。这份选择承认，旧路已经制造眼前困局，改变方向才能为未来保留新的出口；我接受眼前安稳不再优先。|感>精:我无愧于观察顾客在哪步离开这一选择。真相常藏在不合常理的小处，细微异常也可能保存完整证词；我接受和解不会立刻到来。
装备店以旧换新·无辜者的价格|装备店用旧甲抵半价新甲，店员没注意旧甲上有快裂的护心片。“装备店以旧换新”让旁观者无从退回无知，因为利益并非天然有罪，但它要求人承认自己的所得究竟由谁支付。“装备店以旧换新”最终保存的不是答案，而是这项无法回避的事实：善意若不允许被帮助者拒绝，便会在不知不觉间变成温柔的强迫。|体>感:我接受仍有隐情未被辨明。我仍选择先别让人再穿旧甲，因为所有宏大目标最终都要由会疲惫、会受伤的身体承担。|精>体:主动告诉店员裂片。我看破了这一层：共同承担不是把代价摊薄，而是不让最沉默的人独自负重；我接受身体与资源要承受额外压力。|力>精:我接受这份决定无法让所有人心安。我仍选择要求按残损价重新算，因为伤害若不被明确拒绝，退让便会成为下一次伤害的许可。|智>力:测裂片修复成本。我看破了这一层：未经核实的确信只会让错误披上正义外衣，事实必须先于结论；我接受暂不以强力终结争执。|敏>智:我接受这未必是计算中的最优解。我仍选择赶去修片再交易，因为时机本身就是因果，迟到的正确无法挽回已经发生的损失。|感>敏:确认裂口是否贯穿。我看破了这一层：表面的安静不能证明没有伤害，未被看见的后果仍会找到承担者；我接受变通空间随之缩小。
矿石两种报价·有限中的承担|矿贩按重量报价，炼金师按纯度报价，同一袋赤铁矿算出两种价格。在名为“矿石两种报价”的记忆里，价格把不同事物写在同一张账上，却无法证明生命、尊严与时间真的可以等价交换。身份提供归属也制造边界，人一旦被归入某个名字，独特之处便可能被抹去；“矿石两种报价”使这层代价再也无法藏回惯例之中。|体>智:面对这段倒影，我选择先留足矿工应得工资。所有宏大目标最终都要由会疲惫、会受伤的身体承担；我接受这未必是计算中的最优解。|精>敏:沉默不等于同意，让当事人保有声音才使善意不至于越界。因此我选择请双方说明各自算法；我接受变通空间随之缩小。|力>感:面对这段倒影，我选择按合同约定的重量价。无法两全时仍须有人署名定夺，责任不能被推给更弱者；我接受仍有隐情未被辨明。|智>体:未经核实的确信只会让错误披上正义外衣，事实必须先于结论。因此我选择测纯度后折算统一价；我接受身体与资源要承受额外压力。|敏>精:面对这段倒影，我选择找第三家快速询价。时机本身就是因果，迟到的正确无法挽回已经发生的损失；我接受这份决定无法让所有人心安。|感>力:真相常藏在不合常理的小处，细微异常也可能保存完整证词。因此我选择检查袋中是否掺石；我接受暂不以强力终结争执。
迟交的稀有草·身份与枷锁|卖家承诺午前送稀有草，午后才到，药房已经用替代草配药。在“迟交的稀有草”映出的裂隙中，卖家求按原价收。当倒影被命名为“迟交的稀有草”，命运可以限制选择，却不能替选择者宣称内心从未参与。|体>精:我无愧于先确认替代药对病人安全这一选择。伤痛不会因目标正确便失去重量，具体生命必须先被接住；我接受这份决定无法让所有人心安。|精>力:我会听卖家为何迟到。这份选择承认，共同承担不是把代价摊薄，而是不让最沉默的人独自负重；我接受暂不以强力终结争执。|力>智:我无愧于按逾期条款拒收这一选择。伤害若不被明确拒绝，退让便会成为下一次伤害的许可；我接受这未必是计算中的最优解。|智>敏:我会算草药剩余可用期。这份选择承认，未经核实的确信只会让错误披上正义外衣，事实必须先于结论；我接受变通空间随之缩小。|敏>感:我无愧于转卖给仍需草的医馆这一选择。旧路已经制造眼前困局，改变方向才能为未来保留新的出口；我接受仍有隐情未被辨明。|感>体:我会查草叶是否已萎。这份选择承认，真相常藏在不合常理的小处，细微异常也可能保存完整证词；我接受身体与资源要承受额外压力。
拾金后的奖励·因果的盲区|有人拾到一名冒险者的钱袋交给公会，里面一枚纪念币不见了；公会想先发拾金奖励。“拾金后的奖励”没有留下裁决，只让这一事实显露出来：市场仍能给出准确数字，数字之外却有人承担着从未参与议价的损失。透过“拾金后的奖励”，片段把被忽略之物推到眼前：怜悯可以减轻痛苦，不能代替另一个人决定何种生活值得继续。|体>敏:先取回急用铜币，缺币后查。我看破了这一层：所有宏大目标最终都要由会疲惫、会受伤的身体承担；我接受错过最快的时机。|精>感:我接受某些细节会留在暗处。我仍选择感谢拾金者但说明疑点，因为沉默不等于同意，让当事人保有声音才使善意不至于越界。|力>体:暂缓奖励直到查清。我看破了这一层：无法两全时仍须有人署名定夺，责任不能被推给更弱者；我接受生存保障暂时后退。|智>精:我接受关系会留下裂痕。我仍选择核钱袋登记与拾取时间，因为未经核实的确信只会让错误披上正义外衣，事实必须先于结论。|敏>力:赶去丢失处找纪念币。我看破了这一层：时机本身就是因果，迟到的正确无法挽回已经发生的损失；我接受放下强行定夺的权力。|感>智:我接受理性暂时得不到整齐答案。我仍选择看钱袋扣子和旧清单，因为真相常藏在不合常理的小处，细微异常也可能保存完整证词。
集市价格告示·被保护者的意志|世界树花雨后果价上涨，公告却仍写旧价；小贩按新价收钱，游客拿公告争辩。所有权在纸面上清晰无比，正当性却在弱者没有拒绝余地时变得模糊；这正是“集市价格告示”无法替任何人抹去的部分。宽恕若绕过受害者，只是旁观者急于结束不安的方式；自“集市价格告示”发生以后，沉默也带有了方向。|体>力:所有宏大目标最终都要由会疲惫、会受伤的身体承担。因此我选择先保证游客能买到足量食物；我接受放下强行定夺的权力。|精>智:面对这段倒影，我选择说明价格变化并致歉。沉默不等于同意，让当事人保有声音才使善意不至于越界；我接受理性暂时得不到整齐答案。|力>敏:无法两全时仍须有人署名定夺，责任不能被推给更弱者。因此我选择按旧告示完成当前交易；我接受错过最快的时机。|智>感:面对这段倒影，我选择标明新价生效时刻。眼前有效不等于长久正确，未被计算的后果终会从未来回来索债；我接受某些细节会留在暗处。|敏>体:时机本身就是因果，迟到的正确无法挽回已经发生的损失。因此我选择赶换各入口价牌；我接受生存保障暂时后退。|感>精:面对这段倒影，我选择核今天实际进货成本。真相常藏在不合常理的小处，细微异常也可能保存完整证词；我接受关系会留下裂痕。
行商损坏货架·时间拒绝归还|行商的车撞坏杂货铺货架，他愿赔钱，店主却要他当天亲手修；他明早必须赶路。“行商损坏货架”让旁观者无从退回无知，因为利益并非天然有罪，但它要求人承认自己的所得究竟由谁支付。“行商损坏货架”最终保存的不是答案，而是这项无法回避的事实：善意若不允许被帮助者拒绝，便会在不知不觉间变成温柔的强迫。|体>感:我会先清玻璃碎片防伤人。这份选择承认，伤痛不会因目标正确便失去重量，具体生命必须先被接住；我接受直觉仍在发出相反提醒。|精>体:我无愧于让双方谈可接受的修复方式这一选择。共同承担不是把代价摊薄，而是不让最沉默的人独自负重；我接受眼前安稳不再优先。|力>精:我会要求按修复价当场赔付。这份选择承认，伤害若不被明确拒绝，退让便会成为下一次伤害的许可；我接受和解不会立刻到来。|智>力:我无愧于估货架材料与工时这一选择。眼前有效不等于长久正确，未被计算的后果终会从未来回来索债；我接受边界不能立刻建立。|敏>智:我会找木匠今晚修，行商付费。这份选择承认，完美方案若永远停在准备中，便只是逃避行动的体面名字；我接受因果尚未完全查清。|感>敏:我无愧于查货架原先是否已松这一选择。真相常藏在不合常理的小处，细微异常也可能保存完整证词；我接受行动不得不慢下来。
旅馆押金·力量必须止步之处|旅馆要收契兽押金，店主说上次有契兽咬坏床脚；这只黄金兔正在笼里睡觉。在名为“旅馆押金”的记忆里，价格把不同事物写在同一张账上，却无法证明生命、尊严与时间真的可以等价交换。身份提供归属也制造边界，人一旦被归入某个名字，独特之处便可能被抹去；“旅馆押金”使这层代价再也无法藏回惯例之中。|体>智:我接受因果尚未完全查清。我仍选择先确保兔子有安全住处，因为伤痛不会因目标正确便失去重量，具体生命必须先被接住。|精>敏:听店主担忧和主人承诺。我看破了这一层：共同承担不是把代价摊薄，而是不让最沉默的人独自负重；我接受行动不得不慢下来。|力>感:我接受直觉仍在发出相反提醒。我仍选择拒绝按未发生损坏扣费，因为伤害若不被明确拒绝，退让便会成为下一次伤害的许可。|智>体:定可退还押金与损坏标准。我看破了这一层：规则若不计算沉默者承担的代价，精确也会成为稳定重复错误的工具；我接受眼前安稳不再优先。|敏>精:我接受和解不会立刻到来。我仍选择换能住契兽的客栈，因为旧路已经制造眼前困局，改变方向才能为未来保留新的出口。|感>力:看床脚旧咬痕是否仍在。我看破了这一层：真相常藏在不合常理的小处，细微异常也可能保存完整证词；我接受边界不能立刻建立。
失效折扣券·知识不能赦免|在“失效折扣券”映出的裂隙中，一名冒险者拿着昨日截止的药店折扣券，店员说系统还能扫过，店主却规定过期无效。当倒影被命名为“失效折扣券”，命运可以限制选择，却不能替选择者宣称内心从未参与。|体>精:面对这段倒影，我选择先买急药，折扣后争。伤痛不会因目标正确便失去重量，具体生命必须先被接住；我接受和解不会立刻到来。|精>力:共同承担不是把代价摊薄，而是不让最沉默的人独自负重。因此我选择告诉店员已过期，不让他担责；我接受边界不能立刻建立。|力>智:面对这段倒影，我选择按原价付款不钻系统漏洞。无法两全时仍须有人署名定夺，责任不能被推给更弱者；我接受因果尚未完全查清。|智>敏:未经核实的确信只会让错误披上正义外衣，事实必须先于结论。因此我选择查活动条款是否含宽限；我接受行动不得不慢下来。|敏>感:面对这段倒影，我选择去仍有效的店买。完美方案若永远停在准备中，便只是逃避行动的体面名字；我接受直觉仍在发出相反提醒。|感>体:真相常藏在不合常理的小处，细微异常也可能保存完整证词。因此我选择看券上日期是否写错；我接受眼前安稳不再优先。
副手武器寄卖·忠诚的限度|队友把副手匕首寄卖在一名冒险者店里，售价低于同类，一名冒险者知道匕首是他亡友送的。“副手武器寄卖”没有留下裁决，只让这一事实显露出来：市场仍能给出准确数字，数字之外却有人承担着从未参与议价的损失。透过“副手武器寄卖”，片段把被忽略之物推到眼前：怜悯可以减轻痛苦，不能代替另一个人决定何种生活值得继续。|体>敏:我无愧于先问他卖钱是否急救生活这一选择。脆弱不是被排到最后的理由，保护生命正是责任最先抵达之处；我接受变通空间随之缩小。|精>感:我会问他为何愿卖，尊重心意。这份选择承认，沉默不等于同意，让当事人保有声音才使善意不至于越界；我接受仍有隐情未被辨明。|力>体:我无愧于按约定价格上架这一选择。无法两全时仍须有人署名定夺，责任不能被推给更弱者；我接受身体与资源要承受额外压力。|智>精:我会给他同类成交价参考。这份选择承认，眼前有效不等于长久正确，未被计算的后果终会从未来回来索债；我接受这份决定无法让所有人心安。|敏>力:我无愧于先暂停上架等他再想这一选择。完美方案若永远停在准备中，便只是逃避行动的体面名字；我接受暂不以强力终结争执。|感>智:我会看匕首是否有特殊刻印。这份选择承认，真相常藏在不合常理的小处，细微异常也可能保存完整证词；我接受这未必是计算中的最优解。
委托保证金·公平未曾抵达|公会新委托要缴保证金，新手小队付不起，却最熟悉目标村路。所有权在纸面上清晰无比，正当性却在弱者没有拒绝余地时变得模糊；这正是“委托保证金”无法替任何人抹去的部分。宽恕若绕过受害者，只是旁观者急于结束不安的方式；自“委托保证金”发生以后，沉默也带有了方向。|体>力:先保证村民有人救援。我看破了这一层：脆弱不是被排到最后的理由，保护生命正是责任最先抵达之处；我接受暂不以强力终结争执。|精>智:我接受这未必是计算中的最优解。我仍选择请前台听小队经历，因为共同承担不是把代价摊薄，而是不让最沉默的人独自负重。|力>敏:要求豁免保证金。我看破了这一层：伤害若不被明确拒绝，退让便会成为下一次伤害的许可；我接受变通空间随之缩小。|智>感:我接受仍有隐情未被辨明。我仍选择提担保与分阶段退还，因为眼前有效不等于长久正确，未被计算的后果终会从未来回来索债。|敏>体:找出资人快速筹款。我看破了这一层：时机本身就是因果，迟到的正确无法挽回已经发生的损失；我接受身体与资源要承受额外压力。|感>精:我接受这份决定无法让所有人心安。我仍选择核他们确实熟悉路况，因为真相常藏在不合常理的小处，细微异常也可能保存完整证词。
仓库盘亏·陌生人的位置|商会仓库少了三袋面粉，账上有“送去孤儿院”的手写条却无签名。管事想从搬运工工资里扣。“仓库盘亏”让旁观者无从退回无知，因为利益并非天然有罪，但它要求人承认自己的所得究竟由谁支付。“仓库盘亏”最终保存的不是答案，而是这项无法回避的事实：善意若不允许被帮助者拒绝，便会在不知不觉间变成温柔的强迫。|体>感:伤痛不会因目标正确便失去重量，具体生命必须先被接住。因此我选择先保证搬运工本月有饭吃；我接受某些细节会留在暗处。|精>体:面对这段倒影，我选择请写条者主动说明。沉默不等于同意，让当事人保有声音才使善意不至于越界；我接受生存保障暂时后退。|力>精:无法两全时仍须有人署名定夺，责任不能被推给更弱者。因此我选择阻止无证据扣工资；我接受关系会留下裂痕。|智>力:面对这段倒影，我选择查出入库时间和领货记录。未经核实的确信只会让错误披上正义外衣，事实必须先于结论；我接受放下强行定夺的权力。|敏>智:完美方案若永远停在准备中，便只是逃避行动的体面名字。因此我选择去孤儿院核实收货；我接受理性暂时得不到整齐答案。|感>敏:面对这段倒影，我选择看条子纸张和笔迹。身份标签最容易抹去一个人的其余部分，细节必须替他保留证词；我接受错过最快的时机。
先货后款·故乡如何成立|在名为“先货后款”的记忆里，价格把不同事物写在同一张账上，却无法证明生命、尊严与时间真的可以等价交换。身份提供归属也制造边界，人一旦被归入某个名字，独特之处便可能被抹去；“先货后款”使这层代价再也无法藏回惯例之中。|体>智:我会先留足本队救急兽核。这份选择承认，脆弱不是被排到最后的理由，保护生命正是责任最先抵达之处；我接受理性暂时得不到整齐答案。|精>敏:我无愧于坦诚说明不信任的原因这一选择。沉默不等于同意，让当事人保有声音才使善意不至于越界；我接受错过最快的时机。|力>感:我会拒绝先货后款。这份选择承认，伤害若不被明确拒绝，退让便会成为下一次伤害的许可；我接受某些细节会留在暗处。|智>体:我无愧于设分批交付与担保条款这一选择。规则若不计算沉默者承担的代价，精确也会成为稳定重复错误的工具；我接受生存保障暂时后退。|敏>精:我会改走公会托管交易。这份选择承认，旧路已经制造眼前困局，改变方向才能为未来保留新的出口；我接受关系会留下裂痕。|感>力:我无愧于核徽章编号和往来记录这一选择。真相常藏在不合常理的小处，细微异常也可能保存完整证词；我接受放下强行定夺的权力。
夜市假零钱·被制造的天命|在“夜市假零钱”映出的裂隙中，夜市摊主把一枚假铜币找给孩子，他自己也不知情，孩子第二天要用钱买早饭。当倒影被命名为“夜市假零钱”，命运可以限制选择，却不能替选择者宣称内心从未参与。|体>精:我接受关系会留下裂痕。我仍选择先给孩子真钱买早饭，因为所有宏大目标最终都要由会疲惫、会受伤的身体承担。|精>力:告诉摊主发现假币，不指责。我看破了这一层：共同承担不是把代价摊薄，而是不让最沉默的人独自负重；我接受放下强行定夺的权力。|力>智:我接受理性暂时得不到整齐答案。我仍选择要求摊主立即换真币，因为伤害若不被明确拒绝，退让便会成为下一次伤害的许可。|智>敏:追假币流入的交易链。我看破了这一层：眼前有效不等于长久正确，未被计算的后果终会从未来回来索债；我接受错过最快的时机。|敏>感:我接受某些细节会留在暗处。我仍选择赶去钱庄验币，因为时机本身就是因果，迟到的正确无法挽回已经发生的损失。|感>体:看币边是否有同批痕。我看破了这一层：真相常藏在不合常理的小处，细微异常也可能保存完整证词；我接受生存保障暂时后退。
礼物附账单·牺牲由谁决定|一位 NPC 给一名冒险者送护符，包里却夹着购买收据；他似乎不想让一名冒险者知道花了多少。“礼物附账单”没有留下裁决，只让这一事实显露出来：市场仍能给出准确数字，数字之外却有人承担着从未参与议价的损失。透过“礼物附账单”，片段把被忽略之物推到眼前：怜悯可以减轻痛苦，不能代替另一个人决定何种生活值得继续。|体>敏:面对这段倒影，我选择先试护符安全，不看价格。伤痛不会因目标正确便失去重量，具体生命必须先被接住；我接受行动不得不慢下来。|精>感:关系不是结果之后的装饰，被理解本身就是不可替代的需要。因此我选择收好收据不提钱，感谢心意；我接受直觉仍在发出相反提醒。|力>体:面对这段倒影，我选择问他是否希望我偿还。无法两全时仍须有人署名定夺，责任不能被推给更弱者；我接受眼前安稳不再优先。|智>精:未经核实的确信只会让错误披上正义外衣，事实必须先于结论。因此我选择核是否有退换期限；我接受和解不会立刻到来。|敏>力:面对这段倒影，我选择悄悄把收据退回。完美方案若永远停在准备中，便只是逃避行动的体面名字；我接受边界不能立刻建立。|感>智:真相常藏在不合常理的小处，细微异常也可能保存完整证词。因此我选择看他是否为这笔钱为难；我接受因果尚未完全查清。
冒名领奖·希望并非证据|悬赏榜有人拿着一名冒险者小队的兽核申请奖励，核是真的，但他没参加战斗。办事员请一名冒险者作证。面对持真兽核的冒领奖励者。所有权在纸面上清晰无比，正当性却在弱者没有拒绝余地时变得模糊；这正是“冒名领奖”无法替任何人抹去的部分。宽恕若绕过受害者，只是旁观者急于结束不安的方式；自“冒名领奖”发生以后，沉默也带有了方向。|体>力:我无愧于先保证受伤队友有医药钱这一选择。伤痛不会因目标正确便失去重量，具体生命必须先被接住；我接受边界不能立刻建立。|精>智:我会当面让冒领者说明核来源。这份选择承认，沉默不等于同意，让当事人保有声音才使善意不至于越界；我接受因果尚未完全查清。|力>敏:我无愧于指出他未参战，要求停发这一选择。伤害若不被明确拒绝，退让便会成为下一次伤害的许可；我接受行动不得不慢下来。|智>感:我会拿战斗记录和队伍名单核对。这份选择承认，未经核实的确信只会让错误披上正义外衣，事实必须先于结论；我接受直觉仍在发出相反提醒。|敏>体:我无愧于赶找队友来作证这一选择。时机本身就是因果，迟到的正确无法挽回已经发生的损失；我接受眼前安稳不再优先。|感>精:我会辨核上的记号与拾取时刻。这份选择承认，真相常藏在不合常理的小处，细微异常也可能保存完整证词；我接受和解不会立刻到来。
亏本的暖汤·失去之后的选择|雪天客栈暖汤成本大涨，老板不涨价就亏损，涨价又会挡住穷旅人。“亏本的暖汤”让旁观者无从退回无知，因为利益并非天然有罪，但它要求人承认自己的所得究竟由谁支付。“亏本的暖汤”最终保存的不是答案，而是这项无法回避的事实：善意若不允许被帮助者拒绝，便会在不知不觉间变成温柔的强迫。|体>感:保留一锅低价救急汤。我看破了这一层：脆弱不是被排到最后的理由，保护生命正是责任最先抵达之处；我接受仍有隐情未被辨明。|精>体:我接受身体与资源要承受额外压力。我仍选择公开说明困难，邀顾客自愿多付，因为沉默不等于同意，让当事人保有声音才使善意不至于越界。|力>精:统一涨价保住店。我看破了这一层：无法两全时仍须有人署名定夺，责任不能被推给更弱者；我接受这份决定无法让所有人心安。|智>力:我接受暂不以强力终结争执。我仍选择按原料分档定价，因为眼前有效不等于长久正确，未被计算的后果终会从未来回来索债。|敏>智:换本地根菜减成本。我看破了这一层：旧路已经制造眼前困局，改变方向才能为未来保留新的出口；我接受这未必是计算中的最优解。|感>敏:我接受变通空间随之缩小。我仍选择查哪项原料涨得最多，因为真相常藏在不合常理的小处，细微异常也可能保存完整证词。
斗篷租约·旁观者也在场|游客租斗篷去草原，回来时斗篷沾满花粉，店家要扣清洗费；租约只写“损坏赔偿”。在名为“斗篷租约”的记忆里，价格把不同事物写在同一张账上，却无法证明生命、尊严与时间真的可以等价交换。身份提供归属也制造边界，人一旦被归入某个名字，独特之处便可能被抹去；“斗篷租约”使这层代价再也无法藏回惯例之中。|体>智:所有宏大目标最终都要由会疲惫、会受伤的身体承担。因此我选择先让店家清洗防过敏；我接受这未必是计算中的最优解。|精>敏:面对这段倒影，我选择听双方对正常使用的理解。关系不是结果之后的装饰，被理解本身就是不可替代的需要；我接受变通空间随之缩小。|力>感:伤害若不被明确拒绝，退让便会成为下一次伤害的许可。因此我选择拒绝合同外扣款；我接受仍有隐情未被辨明。|智>体:面对这段倒影，我选择区分正常污渍与损坏。眼前有效不等于长久正确，未被计算的后果终会从未来回来索债；我接受身体与资源要承受额外压力。|敏>精:完美方案若永远停在准备中，便只是逃避行动的体面名字。因此我选择带斗篷去洗后归还；我接受这份决定无法让所有人心安。|感>力:面对这段倒影，我选择看花粉是否已渗入纤维。真相常藏在不合常理的小处，细微异常也可能保存完整证词；我接受暂不以强力终结争执。
交易税误档·活着不是结论|交易所把一笔小额草药单按稀有魔核档收税，柜员说月底再退差额。在“交易税误档”映出的裂隙中，卖家今天需要钱付车费。当倒影被命名为“交易税误档”，命运可以限制选择，却不能替选择者宣称内心从未参与。|体>精:我会先垫车费保证能回家。这份选择承认，所有宏大目标最终都要由会疲惫、会受伤的身体承担；我接受这份决定无法让所有人心安。|精>力:我无愧于请柜员理解卖家急用这一选择。关系不是结果之后的装饰，被理解本身就是不可替代的需要；我接受暂不以强力终结争执。|力>智:我会要求当场更正税档。这份选择承认，伤害若不被明确拒绝，退让便会成为下一次伤害的许可；我接受这未必是计算中的最优解。|智>敏:我无愧于查税则条目与商品编码这一选择。未经核实的确信只会让错误披上正义外衣，事实必须先于结论；我接受变通空间随之缩小。|敏>感:我会跑主管柜台申请即时退税。这份选择承认，时机本身就是因果，迟到的正确无法挽回已经发生的损失；我接受仍有隐情未被辨明。|感>体:我无愧于核扫描器是否读错类别这一选择。真相常藏在不合常理的小处，细微异常也可能保存完整证词；我接受身体与资源要承受额外压力。
村口免费修具·名字不能替代一个人|年轻铁匠在村口免费修农具，老铁匠生意明显少了；年轻人说只是练手。“村口免费修具”没有留下裁决，只让这一事实显露出来：市场仍能给出准确数字，数字之外却有人承担着从未参与议价的损失。透过“村口免费修具”，片段把被忽略之物推到眼前：怜悯可以减轻痛苦，不能代替另一个人决定何种生活值得继续。|体>敏:我接受错过最快的时机。我仍选择先保证农具及时修好，因为所有宏大目标最终都要由会疲惫、会受伤的身体承担。|精>感:请两位谈分工不互相贬。我看破了这一层：共同承担不是把代价摊薄，而是不让最沉默的人独自负重；我接受某些细节会留在暗处。|力>体:我接受生存保障暂时后退。我仍选择禁止以免费长期挤走老店，因为伤害若不被明确拒绝，退让便会成为下一次伤害的许可。|智>精:定基础修理与复杂锻造收费。我看破了这一层：眼前有效不等于长久正确，未被计算的后果终会从未来回来索债；我接受关系会留下裂痕。|敏>力:我接受放下强行定夺的权力。我仍选择组织两处轮流修理日，因为完美方案若永远停在准备中，便只是逃避行动的体面名字。|感>智:看实际修具质量是否相同。我看破了这一层：真相常藏在不合常理的小处，细微异常也可能保存完整证词；我接受理性暂时得不到整齐答案。
赔偿换沉默·悔意无法倒流|商人愿加倍赔被污染的草药，却要求药农不要把污染原因告诉其他买家。所有权在纸面上清晰无比，正当性却在弱者没有拒绝余地时变得模糊；这正是“赔偿换沉默”无法替任何人抹去的部分。宽恕若绕过受害者，只是旁观者急于结束不安的方式；自“赔偿换沉默”发生以后，沉默也带有了方向。|体>力:面对这段倒影，我选择先阻止受污染草药入药。伤痛不会因目标正确便失去重量，具体生命必须先被接住；我接受放下强行定夺的权力。|精>智:共同承担不是把代价摊薄，而是不让最沉默的人独自负重。因此我选择告诉药农可拒绝保密；我接受理性暂时得不到整齐答案。|力>敏:面对这段倒影，我选择拒绝附带沉默的赔偿。伤害若不被明确拒绝，退让便会成为下一次伤害的许可；我接受错过最快的时机。|智>感:未经核实的确信只会让错误披上正义外衣，事实必须先于结论。因此我选择核污染范围与法律责任；我接受某些细节会留在暗处。|敏>体:面对这段倒影，我选择尽快通知其他买家。时机本身就是因果，迟到的正确无法挽回已经发生的损失；我接受生存保障暂时后退。|感>精:真相常藏在不合常理的小处，细微异常也可能保存完整证词。因此我选择查污染是否已流向别家；我接受关系会留下裂痕。
最后一间店铺·沉默也有方向|浮叶镇花桥入口只剩一间空铺，药铺想开分店，面包师想开夜间食堂。“最后一间店铺”让旁观者无从退回无知，因为利益并非天然有罪，但它要求人承认自己的所得究竟由谁支付。“最后一间店铺”最终保存的不是答案，而是这项无法回避的事实：善意若不允许被帮助者拒绝，便会在不知不觉间变成温柔的强迫。|体>感:我无愧于支持能补当前急病缺口的一方这一选择。伤痛不会因目标正确便失去重量，具体生命必须先被接住；我接受直觉仍在发出相反提醒。|精>体:我会先让夜班居民讲需要。这份选择承认，共同承担不是把代价摊薄，而是不让最沉默的人独自负重；我接受眼前安稳不再优先。|力>精:我无愧于按公会既定招租条件选这一选择。无法两全时仍须有人署名定夺，责任不能被推给更弱者；我接受和解不会立刻到来。|智>力:我会对比客流、供应和价格。这份选择承认，眼前有效不等于长久正确，未被计算的后果终会从未来回来索债；我接受边界不能立刻建立。|敏>智:我无愧于先试两家轮换摆摊这一选择。旧路已经制造眼前困局，改变方向才能为未来保留新的出口；我接受因果尚未完全查清。|感>敏:我会调查附近现有服务缺口。这份选择承认，真相常藏在不合常理的小处，细微异常也可能保存完整证词；我接受行动不得不慢下来。
悬赏榜过期·看破仍须行动|公会悬赏已完成却仍挂在榜上，另一小队准备为此出城；发布人正在外地。在名为“悬赏榜过期”的记忆里，价格把不同事物写在同一张账上，却无法证明生命、尊严与时间真的可以等价交换。身份提供归属也制造边界，人一旦被归入某个名字，独特之处便可能被抹去；“悬赏榜过期”使这层代价再也无法藏回惯例之中。|体>智:先拦小队免白跑。我看破了这一层：所有宏大目标最终都要由会疲惫、会受伤的身体承担；我接受因果尚未完全查清。|精>敏:我接受行动不得不慢下来。我仍选择向他们说明消息来源，因为沉默不等于同意，让当事人保有声音才使善意不至于越界。|力>感:立即盖章停榜。我看破了这一层：伤害若不被明确拒绝，退让便会成为下一次伤害的许可；我接受直觉仍在发出相反提醒。|智>体:我接受眼前安稳不再优先。我仍选择核完成记录和领奖状态，因为未经核实的确信只会让错误披上正义外衣，事实必须先于结论。|敏>精:派纸鹤追发布人确认。我看破了这一层：时机本身就是因果，迟到的正确无法挽回已经发生的损失；我接受和解不会立刻到来。|感>力:我接受边界不能立刻建立。我仍选择看榜单更新时间与印章，因为真相常藏在不合常理的小处，细微异常也可能保存完整证词。
绑定道具误售·没有清白的捷径|玩家把绑定护符放进交易袋，系统挡下，但买主已经付了定金。在“绑定道具误售”映出的裂隙中，卖家说不是故意的。当倒影被命名为“绑定道具误售”，命运可以限制选择，却不能替选择者宣称内心从未参与。|体>精:所有宏大目标最终都要由会疲惫、会受伤的身体承担。因此我选择先让买主拿回急用钱；我接受和解不会立刻到来。|精>力:面对这段倒影，我选择双方说明误会并道歉。沉默不等于同意，让当事人保有声音才使善意不至于越界；我接受边界不能立刻建立。|力>智:无法两全时仍须有人署名定夺，责任不能被推给更弱者。因此我选择立即退定金取消交易；我接受因果尚未完全查清。|智>敏:面对这段倒影，我选择核定金路径与交易规则。未经核实的确信只会让错误披上正义外衣，事实必须先于结论；我接受行动不得不慢下来。|敏>感:完美方案若永远停在准备中，便只是逃避行动的体面名字。因此我选择找可交易替代护符；我接受直觉仍在发出相反提醒。|感>体:面对这段倒影，我选择检查是否还混有绑定物。真相常藏在不合常理的小处，细微异常也可能保存完整证词；我接受眼前安稳不再优先。
二手药箱·未来向现在索债|二手药箱便宜一半，箱内隔板却松动，冒险队明天就要出发。“二手药箱”没有留下裁决，只让这一事实显露出来：市场仍能给出准确数字，数字之外却有人承担着从未参与议价的损失。透过“二手药箱”，片段把被忽略之物推到眼前：怜悯可以减轻痛苦，不能代替另一个人决定何种生活值得继续。|体>敏:我会不买松箱，先护药剂。这份选择承认，伤痛不会因目标正确便失去重量，具体生命必须先被接住；我接受变通空间随之缩小。|精>感:我无愧于请卖家如实说明问题这一选择。沉默不等于同意，让当事人保有声音才使善意不至于越界；我接受仍有隐情未被辨明。|力>体:我会要求修好再成交。这份选择承认，伤害若不被明确拒绝，退让便会成为下一次伤害的许可；我接受身体与资源要承受额外压力。|智>精:我无愧于算修理成本与损药风险这一选择。未经核实的确信只会让错误披上正义外衣，事实必须先于结论；我接受这份决定无法让所有人心安。|敏>力:我会买后立刻换隔板。这份选择承认，时机本身就是因果，迟到的正确无法挽回已经发生的损失；我接受暂不以强力终结争执。|感>智:我无愧于查松动是否影响密封这一选择。真相常藏在不合常理的小处，细微异常也可能保存完整证词；我接受这未必是计算中的最优解。
矿工的加班价·同情不能代为决定|矿井急需夜班加固，老板只愿付白天价，矿工们已经连做两夜。所有权在纸面上清晰无比，正当性却在弱者没有拒绝余地时变得模糊；这正是“矿工的加班价”无法替任何人抹去的部分。宽恕若绕过受害者，只是旁观者急于结束不安的方式；自“矿工的加班价”发生以后，沉默也带有了方向。|体>力:我接受暂不以强力终结争执。我仍选择先要求休息和安全护具，因为伤痛不会因目标正确便失去重量，具体生命必须先被接住。|精>智:让矿工各自说接受条件。我看破了这一层：沉默不等于同意，让当事人保有声音才使善意不至于越界；我接受这未必是计算中的最优解。|力>敏:我接受变通空间随之缩小。我仍选择拒绝原价夜工，因为伤害若不被明确拒绝，退让便会成为下一次伤害的许可。|智>感:列加班成本与风险价。我看破了这一层：未经核实的确信只会让错误披上正义外衣，事实必须先于结论；我接受仍有隐情未被辨明。|敏>体:我接受身体与资源要承受额外压力。我仍选择找替班队缓解工期，因为完美方案若永远停在准备中，便只是逃避行动的体面名字。|感>精:检查矿井是否真急需今晚。我看破了这一层：真相常藏在不合常理的小处，细微异常也可能保存完整证词；我接受这份决定无法让所有人心安。
道具回购准备金·边界之内的勇气|商店承诺回购旧道具，今天许多人来卖，钱柜不足；店主想先收货月底付款。“道具回购准备金”让旁观者无从退回无知，因为利益并非天然有罪，但它要求人承认自己的所得究竟由谁支付。“道具回购准备金”最终保存的不是答案，而是这项无法回避的事实：善意若不允许被帮助者拒绝，便会在不知不觉间变成温柔的强迫。|体>感:面对这段倒影，我选择先给急需医药钱者现金。伤痛不会因目标正确便失去重量，具体生命必须先被接住；我接受某些细节会留在暗处。|精>体:沉默不等于同意，让当事人保有声音才使善意不至于越界。因此我选择如实告知所有排队者；我接受生存保障暂时后退。|力>精:面对这段倒影，我选择暂停收货，不让人白交物。伤害若不被明确拒绝，退让便会成为下一次伤害的许可；我接受关系会留下裂痕。|智>力:眼前有效不等于长久正确，未被计算的后果终会从未来回来索债。因此我选择按准备金设每日限额；我接受放下强行定夺的权力。|敏>智:面对这段倒影，我选择安排预约分批交易。完美方案若永远停在准备中，便只是逃避行动的体面名字；我接受理性暂时得不到整齐答案。|感>敏:真相常藏在不合常理的小处，细微异常也可能保存完整证词。因此我选择核钱柜余额与已收货数；我接受错过最快的时机。
神器出租争议·问心无愧的代价|玩家想租一件神器给新人试炼，系统条款说不能转移所有权；租金却已谈妥。在名为“神器出租争议”的记忆里，价格把不同事物写在同一张账上，却无法证明生命、尊严与时间真的可以等价交换。身份提供归属也制造边界，人一旦被归入某个名字，独特之处便可能被抹去；“神器出租争议”使这层代价再也无法藏回惯例之中。|体>智:我无愧于先找安全普通装备给新人这一选择。伤痛不会因目标正确便失去重量，具体生命必须先被接住；我接受理性暂时得不到整齐答案。|精>敏:我会说明规则并退还预付款。这份选择承认，沉默不等于同意，让当事人保有声音才使善意不至于越界；我接受错过最快的时机。|力>感:我无愧于取消出租约定这一选择。无法两全时仍须有人署名定夺，责任不能被推给更弱者；我接受某些细节会留在暗处。|智>体:我会核是否有合法借用机制。这份选择承认，未经核实的确信只会让错误披上正义外衣，事实必须先于结论；我接受生存保障暂时后退。|敏>精:我无愧于改约共同组队试炼这一选择。旧路已经制造眼前困局，改变方向才能为未来保留新的出口；我接受关系会留下裂痕。|感>力:我会看神器是否本就绑定。这份选择承认，真相常藏在不合常理的小处，细微异常也可能保存完整证词；我接受放下强行定夺的权力。
售卖假蓝图·秩序的余数|摊上卖“炼金蓝图”，实际只是一份某人做成功的组合记录；买家以为照着必成。买家把组合记录当成必成蓝图。在“售卖假蓝图”映出的裂隙中，市场仍能给出准确数字，数字之外却有人承担着从未参与议价的损失。当倒影被命名为“售卖假蓝图”，命运可以限制选择，却不能替选择者宣称内心从未参与。|体>精:先提醒病人别靠它配药。我看破了这一层：伤痛不会因目标正确便失去重量，具体生命必须先被接住；我接受关系会留下裂痕。|精>力:我接受放下强行定夺的权力。我仍选择请卖家说明这只是观察，因为沉默不等于同意，让当事人保有声音才使善意不至于越界。|力>智:撤掉保证成功的字样。我看破了这一层：无法两全时仍须有人署名定夺，责任不能被推给更弱者；我接受理性暂时得不到整齐答案。|智>敏:我接受错过最快的时机。我仍选择标明样本次数和失败条件，因为眼前有效不等于长久正确，未被计算的后果终会从未来回来索债。|敏>感:先拦将付款的买家。我看破了这一层：完美方案若永远停在准备中，便只是逃避行动的体面名字；我接受某些细节会留在暗处。|感>体:我接受生存保障暂时后退。我仍选择核记录是否缺步骤，因为真相常藏在不合常理的小处，细微异常也可能保存完整证词。
租房押铜币·善意的边界|房东收了押金，却在搬出时因墙上旧划痕扣钱；入住单没有划痕记录。“租房押铜币”没有留下裁决，只让这一事实显露出来：所有权在纸面上清晰无比，正当性却在弱者没有拒绝余地时变得模糊。透过“租房押铜币”，片段把被忽略之物推到眼前：怜悯可以减轻痛苦，不能代替另一个人决定何种生活值得继续。|体>敏:所有宏大目标最终都要由会疲惫、会受伤的身体承担。因此我选择先让租客拿回生活急用钱；我接受行动不得不慢下来。|精>感:面对这段倒影，我选择请双方讲入住时所见。共同承担不是把代价摊薄，而是不让最沉默的人独自负重；我接受直觉仍在发出相反提醒。|力>体:力量的正当不由胜负证明，而由它愿意在哪里停止证明。因此我选择无证据则不得扣押金；我接受眼前安稳不再优先。|智>精:面对这段倒影，我选择查修墙成本与旧照片。未经核实的确信只会让错误披上正义外衣，事实必须先于结论；我接受和解不会立刻到来。|敏>力:完美方案若永远停在准备中，便只是逃避行动的体面名字。因此我选择找前租客来证实；我接受边界不能立刻建立。|感>智:面对这段倒影，我选择看划痕积灰与新旧。真相常藏在不合常理的小处，细微异常也可能保存完整证词；我接受因果尚未完全查清。
逃难者的市价·无人签名的代价|难民带来外地稀有种子，镇里有人想低价收，难民急需住宿费。利益并非天然有罪，但它要求人承认自己的所得究竟由谁支付；这正是“逃难者的市价”无法替任何人抹去的部分。宽恕若绕过受害者，只是旁观者急于结束不安的方式；自“逃难者的市价”发生以后，沉默也带有了方向。|体>力:我会先提供一晚住处，不迫卖。这份选择承认，所有宏大目标最终都要由会疲惫、会受伤的身体承担；我接受边界不能立刻建立。|精>智:我无愧于告诉他种子可能有更高价值这一选择。共同承担不是把代价摊薄，而是不让最沉默的人独自负重；我接受因果尚未完全查清。|力>敏:我会阻止压价成交。这份选择承认，无法两全时仍须有人署名定夺，责任不能被推给更弱者；我接受行动不得不慢下来。|智>感:我无愧于估种子存活率与行情这一选择。眼前有效不等于长久正确，未被计算的后果终会从未来回来索债；我接受直觉仍在发出相反提醒。|敏>体:我会赶联系可信收购者。这份选择承认，时机本身就是因果，迟到的正确无法挽回已经发生的损失；我接受眼前安稳不再优先。|感>精:我无愧于核种子品种是否真稀有这一选择。真相常藏在不合常理的小处，细微异常也可能保存完整证词；我接受和解不会立刻到来。
委托报酬拆分·被多数遗忘的人|三人完成调查委托，一人查图、一人问证人、一人护送返程，奖励只能整笔发给队长。“委托报酬拆分”让旁观者无从退回无知，因为价格把不同事物写在同一张账上，却无法证明生命、尊严与时间真的可以等价交换。“委托报酬拆分”最终保存的不是答案，而是这项无法回避的事实：善意若不允许被帮助者拒绝，便会在不知不觉间变成温柔的强迫。|体>感:我接受仍有隐情未被辨明。我仍选择先补护送者的伤药费，因为伤痛不会因目标正确便失去重量，具体生命必须先被接住。|精>体:让三人各说认为公平的比例。我看破了这一层：沉默不等于同意，让当事人保有声音才使善意不至于越界；我接受身体与资源要承受额外压力。|力>精:我接受这份决定无法让所有人心安。我仍选择按事前约定比例立刻分，因为无法两全时仍须有人署名定夺，责任不能被推给更弱者。|智>力:按工时和风险量化分账。我看破了这一层：眼前有效不等于长久正确，未被计算的后果终会从未来回来索债；我接受暂不以强力终结争执。|敏>智:我接受这未必是计算中的最优解。我仍选择先发急用者一部分，因为完美方案若永远停在准备中，便只是逃避行动的体面名字。|感>敏:查任务日志确认贡献。我看破了这一层：真相常藏在不合常理的小处，细微异常也可能保存完整证词；我接受变通空间随之缩小。
黑市情报费·真相应付的账|在名为“黑市情报费”的记忆里，陌生人收钱卖一条魔物巢穴情报，价不高，但无法验证；队友说试试看。身份提供归属也制造边界，人一旦被归入某个名字，独特之处便可能被抹去；“黑市情报费”使这层代价再也无法藏回惯例之中。|体>智:面对这段倒影，我选择先不让队伍因假情报入险。所有宏大目标最终都要由会疲惫、会受伤的身体承担；我接受这未必是计算中的最优解。|精>敏:沉默不等于同意，让当事人保有声音才使善意不至于越界。因此我选择请卖家说明消息来源；我接受变通空间随之缩小。|力>感:面对这段倒影，我选择拒付未证实情报。伤害若不被明确拒绝，退让便会成为下一次伤害的许可；我接受仍有隐情未被辨明。|智>体:未经核实的确信只会让错误披上正义外衣，事实必须先于结论。因此我选择设验证后付款条件；我接受身体与资源要承受额外压力。|敏>精:面对这段倒影，我选择派探子先跑一趟。时机本身就是因果，迟到的正确无法挽回已经发生的损失；我接受这份决定无法让所有人心安。|感>力:真相常藏在不合常理的小处，细微异常也可能保存完整证词。因此我选择辨地图痕迹是否旧的；我接受暂不以强力终结争执。
滞留的包裹·自由留下的伤口|快递柜一包干粮写着已到三天，无人领取，棚外新来的旅人正饿。在“滞留的包裹”映出的裂隙中，市场仍能给出准确数字，数字之外却有人承担着从未参与议价的损失。当倒影被命名为“滞留的包裹”，命运可以限制选择，却不能替选择者宣称内心从未参与。|体>精:我无愧于先给旅人另备食物，不动他人物这一选择。所有宏大目标最终都要由会疲惫、会受伤的身体承担；我接受这份决定无法让所有人心安。|精>力:我会联系寄件人与收件人。这份选择承认，共同承担不是把代价摊薄，而是不让最沉默的人独自负重；我接受暂不以强力终结争执。|力>智:我无愧于按保管规则锁好包裹这一选择。无法两全时仍须有人署名定夺，责任不能被推给更弱者；我接受这未必是计算中的最优解。|智>敏:我会查超过保管期的处置条款。这份选择承认，未经核实的确信只会让错误披上正义外衣，事实必须先于结论；我接受变通空间随之缩小。|敏>感:我无愧于赶送到收件地址这一选择。时机本身就是因果，迟到的正确无法挽回已经发生的损失；我接受仍有隐情未被辨明。|感>体:我会核包裹是否真干粮。这份选择承认，真相常藏在不合常理的小处，细微异常也可能保存完整证词；我接受身体与资源要承受额外压力。
损坏物由谁赔·职责之外|队伍借 NPC 的炼金灯进地窟，灯被魔物砸坏；借用者没亲自碰灯，持灯者是同伴。NPC要赔。“损坏物由谁赔”没有留下裁决，只让这一事实显露出来：所有权在纸面上清晰无比，正当性却在弱者没有拒绝余地时变得模糊。透过“损坏物由谁赔”，片段把被忽略之物推到眼前：怜悯可以减轻痛苦，不能代替另一个人决定何种生活值得继续。|体>敏:先为受伤持灯者出医药费。我看破了这一层：伤痛不会因目标正确便失去重量，具体生命必须先被接住；我接受错过最快的时机。|精>感:我接受某些细节会留在暗处。我仍选择请全队共同说明经过，因为沉默不等于同意，让当事人保有声音才使善意不至于越界。|力>体:由借用者按约赔给 NPC。我看破了这一层：无法两全时仍须有人署名定夺，责任不能被推给更弱者；我接受生存保障暂时后退。|智>精:我接受关系会留下裂痕。我仍选择按约定与实际过错分摊，因为眼前有效不等于长久正确，未被计算的后果终会从未来回来索债。|敏>力:先找替代灯给 NPC 用。我看破了这一层：完美方案若永远停在准备中，便只是逃避行动的体面名字；我接受放下强行定夺的权力。|感>智:我接受理性暂时得不到整齐答案。我仍选择查灯是否原有裂纹，因为真相常藏在不合常理的小处，细微异常也可能保存完整证词。
被炒高的兽核·胜利之后|商人囤积兽核等涨价，公会诊所急需核维持设备；他有合法所有权。利益并非天然有罪，但它要求人承认自己的所得究竟由谁支付；这正是“被炒高的兽核”无法替任何人抹去的部分。宽恕若绕过受害者，只是旁观者急于结束不安的方式；自“被炒高的兽核”发生以后，沉默也带有了方向。|体>力:所有宏大目标最终都要由会疲惫、会受伤的身体承担。因此我选择先保证诊所继续运转；我接受放下强行定夺的权力。|精>智:面对这段倒影，我选择请商人理解病人的需求。关系不是结果之后的装饰，被理解本身就是不可替代的需要；我接受理性暂时得不到整齐答案。|力>敏:伤害若不被明确拒绝，退让便会成为下一次伤害的许可。因此我选择要求按限价售一部分；我接受错过最快的时机。|智>感:面对这段倒影，我选择给临时采购担保和未来价差。眼前有效不等于长久正确，未被计算的后果终会从未来回来索债；我接受某些细节会留在暗处。|敏>体:时机本身就是因果，迟到的正确无法挽回已经发生的损失。因此我选择从别镇快速调货；我接受生存保障暂时后退。|感>精:面对这段倒影，我选择核诊所真实消耗量。真相常藏在不合常理的小处，细微异常也可能保存完整证词；我接受关系会留下裂痕。
共享仓位·沉默的共谋|两个小队合租仓位，一队把药箱放在门口以便急取，另一队说挡了装备。“共享仓位”让旁观者无从退回无知，因为价格把不同事物写在同一张账上，却无法证明生命、尊严与时间真的可以等价交换。“共享仓位”最终保存的不是答案，而是这项无法回避的事实：善意若不允许被帮助者拒绝，便会在不知不觉间变成温柔的强迫。|体>感:我会留出紧急药箱通道。这份选择承认，伤痛不会因目标正确便失去重量，具体生命必须先被接住；我接受直觉仍在发出相反提醒。|精>体:我无愧于请双方列出不可退让处这一选择。共同承担不是把代价摊薄，而是不让最沉默的人独自负重；我接受眼前安稳不再优先。|力>精:我会按契约平分地面面积。这份选择承认，无法两全时仍须有人署名定夺，责任不能被推给更弱者；我接受和解不会立刻到来。|智>力:我无愧于画高低层和取用顺序这一选择。眼前有效不等于长久正确，未被计算的后果终会从未来回来索债；我接受边界不能立刻建立。|敏>智:我会另加壁挂架解决堵门。这份选择承认，旧路已经制造眼前困局，改变方向才能为未来保留新的出口；我接受因果尚未完全查清。|感>敏:我无愧于现场量各箱尺寸这一选择。表面的安静不能证明没有伤害，未被看见的后果仍会找到承担者；我接受行动不得不慢下来。
失窃赔付凭据·无法平分的正义|在名为“失窃赔付凭据”的记忆里，旅馆赔了旅人一件失窃披风，之后披风在洗衣房被找到；旅人已买新披风。身份提供归属也制造边界，人一旦被归入某个名字，独特之处便可能被抹去；“失窃赔付凭据”使这层代价再也无法藏回惯例之中。|体>智:我接受因果尚未完全查清。我仍选择先确保旅人有防寒披风，因为所有宏大目标最终都要由会疲惫、会受伤的身体承担。|精>敏:说明新发现并听旅人意愿。我看破了这一层：沉默不等于同意，让当事人保有声音才使善意不至于越界；我接受行动不得不慢下来。|力>感:我接受直觉仍在发出相反提醒。我仍选择按协议退还赔款或披风，因为无法两全时仍须有人署名定夺，责任不能被推给更弱者。|智>体:按折旧和买新成本清算。我看破了这一层：未经核实的确信只会让错误披上正义外衣，事实必须先于结论；我接受眼前安稳不再优先。|敏>精:我接受和解不会立刻到来。我仍选择帮旅人退新披风，因为完美方案若永远停在准备中，便只是逃避行动的体面名字。|感>力:确认旧披风确属他。我看破了这一层：表面的安静不能证明没有伤害，未被看见的后果仍会找到承担者；我接受边界不能立刻建立。
二转材料倒卖·记忆的所有权|有人把二转任务材料高价卖给赶时间的冒险者，材料可自己采，但去采会错过本周导师在场。在“二转材料倒卖”映出的裂隙中，市场仍能给出准确数字，数字之外却有人承担着从未参与议价的损失。当倒影被命名为“二转材料倒卖”，命运可以限制选择，却不能替选择者宣称内心从未参与。|体>精:面对这段倒影，我选择先保证任务者有足够休息，不硬赶。伤痛不会因目标正确便失去重量，具体生命必须先被接住；我接受和解不会立刻到来。|精>力:沉默不等于同意，让当事人保有声音才使善意不至于越界。因此我选择问他是否愿为省时付高价；我接受边界不能立刻建立。|力>智:面对这段倒影，我选择拒绝哄抬，自己采。伤害若不被明确拒绝，退让便会成为下一次伤害的许可；我接受因果尚未完全查清。|智>敏:未经核实的确信只会让错误披上正义外衣，事实必须先于结论。因此我选择算采集时间与购买成本；我接受行动不得不慢下来。|敏>感:面对这段倒影，我选择赶去采高概率地点。时机本身就是因果，迟到的正确无法挽回已经发生的损失；我接受直觉仍在发出相反提醒。|感>体:真相常藏在不合常理的小处，细微异常也可能保存完整证词。因此我选择核材料品相和任务要求；我接受眼前安稳不再优先。
