护送名单多一人·活下来的重量|护送委托写五位旅客，集合时来了六人，多出的孩子说自己一直跟着母亲。“护送名单多一人”没有留下裁决，只让这一事实显露出来：完成任务可以证明服从与能力，无法证明最初的命令就值得完成。透过“护送名单多一人”，片段把被忽略之物推到眼前：多数人的安稳与一个人的不可替代在此相撞，数量无法独自证明正义。|体>敏:我无愧于先让孩子上车免受寒这一选择。所有宏大目标最终都要由会疲惫、会受伤的身体承担；我接受变通空间随之缩小。|精>感:我会问母亲是否愿公开家事。这份选择承认，沉默不等于同意，让当事人保有声音才使善意不至于越界；我接受仍有隐情未被辨明。|力>体:我无愧于按合同人数暂缓出发这一选择。无法两全时仍须有人署名定夺，责任不能被推给更弱者；我接受身体与资源要承受额外压力。|智>精:我会核旅客名册和座位容量。这份选择承认，未经核实的确信只会让错误披上正义外衣，事实必须先于结论；我接受这份决定无法让所有人心安。|敏>力:我无愧于派人去加一辆小车这一选择。完美方案若永远停在准备中，便只是逃避行动的体面名字；我接受暂不以强力终结争执。|感>智:我会看孩子是否与母亲同行。这份选择承认，真相常藏在不合常理的小处，细微异常也可能保存完整证词；我接受这未必是计算中的最优解。
送药路线被封·承诺的背面|送药委托的山道因落石封闭，诊所要药在日落前到。公会说改线不加钱。承诺要求人抵达终点，也要求人在发现真相后重新承担继续前行的责任；这正是“送药路线被封”无法替任何人抹去的部分。过去不能重来，悔意的价值只能由此后愿意承担的行动证明；自“送药路线被封”发生以后，沉默也带有了方向。|体>力:先保证药温与病人安全。我看破了这一层：伤痛不会因目标正确便失去重量，具体生命必须先被接住；我接受暂不以强力终结争执。|精>智:我接受这未必是计算中的最优解。我仍选择联系诊所说明延误，因为沉默不等于同意，让当事人保有声音才使善意不至于越界。|力>敏:清落石恢复原路。我看破了这一层：无法两全时仍须有人署名定夺，责任不能被推给更弱者；我接受变通空间随之缩小。|智>感:我接受仍有隐情未被辨明。我仍选择算备用路线与保温时间，因为未经核实的确信只会让错误披上正义外衣，事实必须先于结论。|敏>体:走花桥接驳快线。我看破了这一层：时机本身就是因果，迟到的正确无法挽回已经发生的损失；我接受身体与资源要承受额外压力。|感>精:我接受这份决定无法让所有人心安。我仍选择查落石是否仍在继续，因为真相常藏在不合常理的小处，细微异常也可能保存完整证词。
调查委托错对象·看见而不占有|一名冒险者接的调查委托指向旅馆老板，查账却发现异常由上游供货商造成。“调查委托错对象”让旁观者无从退回无知，因为职责给予行动方向，却不能赦免一个人明知后果仍拒绝判断。“调查委托错对象”最终保存的不是答案，而是这项无法回避的事实：没有任何称号能替行动者免罪，职责、传统与命令最终都要落回具体选择。|体>感:所有宏大目标最终都要由会疲惫、会受伤的身体承担。因此我选择先防受害住客继续损失；我接受某些细节会留在暗处。|精>体:面对这段倒影，我选择告诉老板调查已排除他。共同承担不是把代价摊薄，而是不让最沉默的人独自负重；我接受生存保障暂时后退。|力>精:伤害若不被明确拒绝，退让便会成为下一次伤害的许可。因此我选择要求委托人纠正指控；我接受关系会留下裂痕。|智>力:面对这段倒影，我选择按证据重写供货链。眼前有效不等于长久正确，未被计算的后果终会从未来回来索债；我接受放下强行定夺的权力。|敏>智:时机本身就是因果，迟到的正确无法挽回已经发生的损失。因此我选择赶在流言扩散前递报告；我接受理性暂时得不到整齐答案。|感>敏:面对这段倒影，我选择核最后一笔异常货单。真相常藏在不合常理的小处，细微异常也可能保存完整证词；我接受错过最快的时机。
委托物提前用掉·选择者的债|收集委托需要三份活木，队友把其中一份拿去修了失火民居。在名为“委托物提前用掉”的记忆里，任务的成功条件十分清楚，真正模糊的是谁有资格把他人的命运写成条件。力量足以结束争执，却只有自我约束能证明力量没有把人变成手段；“委托物提前用掉”使这层代价再也无法藏回惯例之中。|体>智:我会先保证民居稳固，任务迟交。这份选择承认，所有宏大目标最终都要由会疲惫、会受伤的身体承担；我接受理性暂时得不到整齐答案。|精>敏:我无愧于向委托人如实解释用途这一选择。沉默不等于同意，让当事人保有声音才使善意不至于越界；我接受错过最快的时机。|力>感:我会要求队友重新采一份。这份选择承认，伤害若不被明确拒绝，退让便会成为下一次伤害的许可；我接受某些细节会留在暗处。|智>体:我无愧于查合同可否部分交付这一选择。未经核实的确信只会让错误披上正义外衣，事实必须先于结论；我接受生存保障暂时后退。|敏>精:我会自己赶去补采。这份选择承认，时机本身就是因果，迟到的正确无法挽回已经发生的损失；我接受关系会留下裂痕。|感>力:我无愧于确认修屋所用确是活木这一选择。表面的安静不能证明没有伤害，未被看见的后果仍会找到承担者；我接受放下强行定夺的权力。
被撤销的悬赏·规则照不到的地方|一名冒险者追查悬赏目标到村口，公会纸鹤传来撤销通知，目标本人还不知道。一名冒险者下一步。在“被撤销的悬赏”映出的裂隙中，委托写明了目标与报酬，却把执行者最终要面对的人隐藏在简短措辞之后。当倒影被命名为“被撤销的悬赏”，知识揭开事实之后仍保持沉默，沉默便不再无辜。|体>精:我接受关系会留下裂痕。我仍选择先防村民误伤目标，因为伤痛不会因目标正确便失去重量，具体生命必须先被接住。|精>力:告诉目标悬赏已撤。我看破了这一层：共同承担不是把代价摊薄，而是不让最沉默的人独自负重；我接受放下强行定夺的权力。|力>智:我接受理性暂时得不到整齐答案。我仍选择令队伍收武器立即停追，因为伤害若不被明确拒绝，退让便会成为下一次伤害的许可。|智>敏:核撤销通知真伪。我看破了这一层：未经核实的确信只会让错误披上正义外衣，事实必须先于结论；我接受错过最快的时机。|敏>感:我接受某些细节会留在暗处。我仍选择赶去拦仍在追的同伴，因为时机本身就是因果，迟到的正确无法挽回已经发生的损失。|感>体:看纸鹤印章是否有效。我看破了这一层：真相常藏在不合常理的小处，细微异常也可能保存完整证词；我接受生存保障暂时后退。
委托写错地址·怜悯与尊严|公会让一名冒险者送物资到南门孤儿院，到了发现孤儿院已迁北门，南门院里还有无人领取的旧箱。“委托写错地址”没有留下裁决，只让这一事实显露出来：完成任务可以证明服从与能力，无法证明最初的命令就值得完成。透过“委托写错地址”，片段把被忽略之物推到眼前：多数人的安稳与一个人的不可替代在此相撞，数量无法独自证明正义。|体>敏:面对这段倒影，我选择先把急用物资送北门。所有宏大目标最终都要由会疲惫、会受伤的身体承担；我接受行动不得不慢下来。|精>感:共同承担不是把代价摊薄，而是不让最沉默的人独自负重。因此我选择联系院长确认旧箱归属；我接受直觉仍在发出相反提醒。|力>体:面对这段倒影，我选择暂停交付要求公会更正地址。伤害若不被明确拒绝，退让便会成为下一次伤害的许可；我接受眼前安稳不再优先。|智>精:未经核实的确信只会让错误披上正义外衣，事实必须先于结论。因此我选择核新旧迁址文件；我接受和解不会立刻到来。|敏>力:面对这段倒影，我选择先跑北门找院长。时机本身就是因果，迟到的正确无法挽回已经发生的损失；我接受边界不能立刻建立。|感>智:真相常藏在不合常理的小处，细微异常也可能保存完整证词。因此我选择查旧箱是否也需转送；我接受因果尚未完全查清。
任务奖励不是铜币·被推迟的后果|清理水渠委托写“修好后送一车柴”，村长想改发等值铜币，队友急需柴取暖。一名冒险者接受替换吗。承诺要求人抵达终点，也要求人在发现真相后重新承担继续前行的责任；这正是“任务奖励不是铜币”无法替任何人抹去的部分。过去不能重来，悔意的价值只能由此后愿意承担的行动证明；自“任务奖励不是铜币”发生以后，沉默也带有了方向。|体>力:我无愧于坚持拿柴给队友过夜这一选择。所有宏大目标最终都要由会疲惫、会受伤的身体承担；我接受边界不能立刻建立。|精>智:我会听村长为何缺柴。这份选择承认，共同承担不是把代价摊薄，而是不让最沉默的人独自负重；我接受因果尚未完全查清。|力>敏:我无愧于要求按委托原文兑现这一选择。伤害若不被明确拒绝，退让便会成为下一次伤害的许可；我接受行动不得不慢下来。|智>感:我会算柴价与运输成本。这份选择承认，未经核实的确信只会让错误披上正义外衣，事实必须先于结论；我接受直觉仍在发出相反提醒。|敏>体:我无愧于先找别处买柴这一选择。完美方案若永远停在准备中，便只是逃避行动的体面名字；我接受眼前安稳不再优先。|感>精:我会查仓里是否真没有柴。这份选择承认，真相常藏在不合常理的小处，细微异常也可能保存完整证词；我接受和解不会立刻到来。
阶段目标无记录·不可替代之物|支线任务要访三名证人，一名冒险者确实访了第三人，任务栏却显示二人。“阶段目标无记录”让旁观者无从退回无知，因为职责给予行动方向，却不能赦免一个人明知后果仍拒绝判断。“阶段目标无记录”最终保存的不是答案，而是这项无法回避的事实：没有任何称号能替行动者免罪，职责、传统与命令最终都要落回具体选择。|体>感:先护证人平安到公会。我看破了这一层：脆弱不是被排到最后的理由，保护生命正是责任最先抵达之处；我接受仍有隐情未被辨明。|精>体:我接受身体与资源要承受额外压力。我仍选择请证人愿意再陈述一次，因为共同承担不是把代价摊薄，而是不让最沉默的人独自负重。|力>精:要求前台人工核实进度。我看破了这一层：伤害若不被明确拒绝，退让便会成为下一次伤害的许可；我接受这份决定无法让所有人心安。|智>力:我接受暂不以强力终结争执。我仍选择查访问时间和会话记录，因为未经核实的确信只会让错误披上正义外衣，事实必须先于结论。|敏>智:趁今晚再见证人。我看破了这一层：完美方案若永远停在准备中，便只是逃避行动的体面名字；我接受这未必是计算中的最优解。|感>敏:我接受变通空间随之缩小。我仍选择核第三次访问是否达到条件，因为真相常藏在不合常理的小处，细微异常也可能保存完整证词。
限时护灯·答案消失以后|夜间护灯委托剩最后半刻，灯本身安全，接班人却迟到。在名为“限时护灯”的记忆里，任务的成功条件十分清楚，真正模糊的是谁有资格把他人的命运写成条件。力量足以结束争执，却只有自我约束能证明力量没有把人变成手段；“限时护灯”使这层代价再也无法藏回惯例之中。|体>智:所有宏大目标最终都要由会疲惫、会受伤的身体承担。因此我选择留守到有人接班，超时再算；我接受这未必是计算中的最优解。|精>敏:面对这段倒影，我选择联系接班人了解缘由。共同承担不是把代价摊薄，而是不让最沉默的人独自负重；我接受变通空间随之缩小。|力>感:伤害若不被明确拒绝，退让便会成为下一次伤害的许可。因此我选择报告公会要求立即补岗；我接受仍有隐情未被辨明。|智>体:面对这段倒影，我选择查交接条款和风险。未经核实的确信只会让错误披上正义外衣，事实必须先于结论；我接受身体与资源要承受额外压力。|敏>精:时机本身就是因果，迟到的正确无法挽回已经发生的损失。因此我选择跑去接班人住处寻找；我接受这份决定无法让所有人心安。|感>力:面对这段倒影，我选择看灯罩是否已有细裂。真相常藏在不合常理的小处，细微异常也可能保存完整证词；我接受暂不以强力终结争执。
帮忙搬家变成寻人·必要之恶的名字|NPC委托一名冒险者帮搬家，搬到一半发现她的父亲没随车到新屋。她说任务先别管，帮找人。在“帮忙搬家变成寻人”映出的裂隙中，委托写明了目标与报酬，却把执行者最终要面对的人隐藏在简短措辞之后。当倒影被命名为“帮忙搬家变成寻人”，知识揭开事实之后仍保持沉默，沉默便不再无辜。|体>精:我会先找老人保安全，搬家停。这份选择承认，伤痛不会因目标正确便失去重量，具体生命必须先被接住；我接受这份决定无法让所有人心安。|精>力:我无愧于问她希望我怎样帮这一选择。沉默不等于同意，让当事人保有声音才使善意不至于越界；我接受暂不以强力终结争执。|力>智:我会正式暂停搬家任务再寻人。这份选择承认，伤害若不被明确拒绝，退让便会成为下一次伤害的许可；我接受这未必是计算中的最优解。|智>敏:我无愧于核老人最后上车地点这一选择。未经核实的确信只会让错误披上正义外衣，事实必须先于结论；我接受变通空间随之缩小。|敏>感:我会沿搬运路快找。这份选择承认，时机本身就是因果，迟到的正确无法挽回已经发生的损失；我接受仍有隐情未被辨明。|感>体:我无愧于看旧屋是否还留老人用品这一选择。真相常藏在不合常理的小处，细微异常也可能保存完整证词；我接受身体与资源要承受额外压力。
讨伐目标已死亡·命运没有署名|讨伐委托指定的魔物到达前已死，尸体旁有另一小队标记。一名冒险者的队友想带走角去领赏。“讨伐目标已死亡”没有留下裁决，只让这一事实显露出来：完成任务可以证明服从与能力，无法证明最初的命令就值得完成。透过“讨伐目标已死亡”，片段把被忽略之物推到眼前：多数人的安稳与一个人的不可替代在此相撞，数量无法独自证明正义。|体>敏:我接受错过最快的时机。我仍选择先排附近是否仍有活怪，因为所有宏大目标最终都要由会疲惫、会受伤的身体承担。|精>感:联系另一队确认战果。我看破了这一层：共同承担不是把代价摊薄，而是不让最沉默的人独自负重；我接受某些细节会留在暗处。|力>体:我接受生存保障暂时后退。我仍选择拒绝冒领并归还角，因为伤害若不被明确拒绝，退让便会成为下一次伤害的许可。|智>精:查死亡时间与委托结算规则。我看破了这一层：未经核实的确信只会让错误披上正义外衣，事实必须先于结论；我接受关系会留下裂痕。|敏>力:我接受放下强行定夺的权力。我仍选择赶去公会说明，暂不留尸，因为时机本身就是因果，迟到的正确无法挽回已经发生的损失。|感>智:核标记与击杀痕。我看破了这一层：真相常藏在不合常理的小处，细微异常也可能保存完整证词；我接受理性暂时得不到整齐答案。
采集地变保护区·共同体的裂缝|一名冒险者接下采蘑菇委托后，村里临时把那片林地划作幼兽保护区。雇主说旧委托仍有效。承诺要求人抵达终点，也要求人在发现真相后重新承担继续前行的责任；这正是“采集地变保护区”无法替任何人抹去的部分。过去不能重来，悔意的价值只能由此后愿意承担的行动证明；自“采集地变保护区”发生以后，沉默也带有了方向。|体>力:面对这段倒影，我选择先确保村里药用蘑菇有替代。伤痛不会因目标正确便失去重量，具体生命必须先被接住；我接受放下强行定夺的权力。|精>智:沉默不等于同意，让当事人保有声音才使善意不至于越界。因此我选择与雇主解释保护区缘由；我接受理性暂时得不到整齐答案。|力>敏:面对这段倒影，我选择拒绝进入保护区采集。伤害若不被明确拒绝，退让便会成为下一次伤害的许可；我接受错过最快的时机。|智>感:未经核实的确信只会让错误披上正义外衣，事实必须先于结论。因此我选择查保护令生效时刻；我接受某些细节会留在暗处。|敏>体:面对这段倒影，我选择去其他林地找同种蘑菇。完美方案若永远停在准备中，便只是逃避行动的体面名字；我接受生存保障暂时后退。|感>精:真相常藏在不合常理的小处，细微异常也可能保存完整证词。因此我选择观察蘑菇是否就在巢旁；我接受关系会留下裂痕。
委托人失联·无辜者的价格|调查任务已经完成，委托人却三天没出现领报告；报告里有可能危及他的消息。“委托人失联”让旁观者无从退回无知，因为职责给予行动方向，却不能赦免一个人明知后果仍拒绝判断。“委托人失联”最终保存的不是答案，而是这项无法回避的事实：没有任何称号能替行动者免罪，职责、传统与命令最终都要落回具体选择。|体>感:我无愧于先确认委托人安全这一选择。伤痛不会因目标正确便失去重量，具体生命必须先被接住；我接受直觉仍在发出相反提醒。|精>体:我会联系其信任的人代为传话。这份选择承认，共同承担不是把代价摊薄，而是不让最沉默的人独自负重；我接受眼前安稳不再优先。|力>精:我无愧于按规则交公会保管这一选择。无法两全时仍须有人署名定夺，责任不能被推给更弱者；我接受和解不会立刻到来。|智>力:我会查委托合同中的失联条款。这份选择承认，未经核实的确信只会让错误披上正义外衣，事实必须先于结论；我接受边界不能立刻建立。|敏>智:我无愧于沿原址找人这一选择。完美方案若永远停在准备中，便只是逃避行动的体面名字；我接受因果尚未完全查清。|感>敏:我会看最近来信是否异常。这份选择承认，真相常藏在不合常理的小处，细微异常也可能保存完整证词；我接受行动不得不慢下来。
两份相反的证词·有限中的承担|委托查村井污染，井工说上游工坊排液，工坊说井壁老化；两份样本都像真。在名为“两份相反的证词”的记忆里，任务的成功条件十分清楚，真正模糊的是谁有资格把他人的命运写成条件。力量足以结束争执，却只有自我约束能证明力量没有把人变成手段；“两份相反的证词”使这层代价再也无法藏回惯例之中。|体>智:先停井供安全水。我看破了这一层：伤痛不会因目标正确便失去重量，具体生命必须先被接住；我接受因果尚未完全查清。|精>敏:我接受行动不得不慢下来。我仍选择让双方共同取新样，因为共同承担不是把代价摊薄，而是不让最沉默的人独自负重。|力>感:暂封工坊排口。我看破了这一层：伤害若不被明确拒绝，退让便会成为下一次伤害的许可；我接受直觉仍在发出相反提醒。|智>体:我接受眼前安稳不再优先。我仍选择做盲样对照检测，因为未经核实的确信只会让错误披上正义外衣，事实必须先于结论。|敏>精:去上游跑一趟。我看破了这一层：时机本身就是因果，迟到的正确无法挽回已经发生的损失；我接受和解不会立刻到来。|感>力:我接受边界不能立刻建立。我仍选择查水色变化的时间点，因为真相常藏在不合常理的小处，细微异常也可能保存完整证词。
委托报酬超额·身份与枷锁|救援委托定额一千铜币，受救者家属额外塞给一名冒险者一袋钱，但队友没看见。在“委托报酬超额”映出的裂隙中，委托写明了目标与报酬，却把执行者最终要面对的人隐藏在简短措辞之后。当倒影被命名为“委托报酬超额”，知识揭开事实之后仍保持沉默，沉默便不再无辜。|体>精:伤痛不会因目标正确便失去重量，具体生命必须先被接住。因此我选择先补救援中的医药费；我接受和解不会立刻到来。|精>力:面对这段倒影，我选择告诉队友和家属心意。共同承担不是把代价摊薄，而是不让最沉默的人独自负重；我接受边界不能立刻建立。|力>智:无法两全时仍须有人署名定夺，责任不能被推给更弱者。因此我选择按队伍约定公开分配；我接受因果尚未完全查清。|智>敏:面对这段倒影，我选择点清数额记账。眼前有效不等于长久正确，未被计算的后果终会从未来回来索债；我接受行动不得不慢下来。|敏>感:时机本身就是因果，迟到的正确无法挽回已经发生的损失。因此我选择先追上队伍商量；我接受直觉仍在发出相反提醒。|感>体:面对这段倒影，我选择看袋里是否混有重要信物。真相常藏在不合常理的小处，细微异常也可能保存完整证词；我接受眼前安稳不再优先。
错误的怪物等级·因果的盲区|公会任务写“低危草原兽”，现场却是高阶异化个体；一名冒险者已抵达并花了路费。“错误的怪物等级”没有留下裁决，只让这一事实显露出来：完成任务可以证明服从与能力，无法证明最初的命令就值得完成。透过“错误的怪物等级”，片段把被忽略之物推到眼前：多数人的安稳与一个人的不可替代在此相撞，数量无法独自证明正义。|体>敏:我会先撤队保命，不求报销。这份选择承认，脆弱不是被排到最后的理由，保护生命正是责任最先抵达之处；我接受变通空间随之缩小。|精>感:我无愧于告知前台风险请改任务这一选择。沉默不等于同意，让当事人保有声音才使善意不至于越界；我接受仍有隐情未被辨明。|力>体:我会封现场待更强队。这份选择承认，伤害若不被明确拒绝，退让便会成为下一次伤害的许可；我接受身体与资源要承受额外压力。|智>精:我无愧于记录真实强度申请重定价这一选择。未经核实的确信只会让错误披上正义外衣，事实必须先于结论；我接受这份决定无法让所有人心安。|敏>力:我会快回镇传讯。这份选择承认，时机本身就是因果，迟到的正确无法挽回已经发生的损失；我接受暂不以强力终结争执。|感>智:我无愧于看异化是否只在一只这一选择。真相常藏在不合常理的小处，细微异常也可能保存完整证词；我接受这未必是计算中的最优解。
带路者想退出·被保护者的意志|遗迹调查委托请村民带路，走到洞口他认出失踪儿子的围巾，要求退出。承诺要求人抵达终点，也要求人在发现真相后重新承担继续前行的责任；这正是“带路者想退出”无法替任何人抹去的部分。过去不能重来，悔意的价值只能由此后愿意承担的行动证明；自“带路者想退出”发生以后，沉默也带有了方向。|体>力:我接受暂不以强力终结争执。我仍选择先送他安全回村，因为伤痛不会因目标正确便失去重量，具体生命必须先被接住。|精>智:尊重他退出并陪他说话。我看破了这一层：沉默不等于同意，让当事人保有声音才使善意不至于越界；我接受这未必是计算中的最优解。|力>敏:我接受变通空间随之缩小。我仍选择让队伍自行继续，不强带路，因为无法两全时仍须有人署名定夺，责任不能被推给更弱者。|智>感:根据已走路线画余图。我看破了这一层：眼前有效不等于长久正确，未被计算的后果终会从未来回来索债；我接受仍有隐情未被辨明。|敏>体:我接受身体与资源要承受额外压力。我仍选择派一人护送后折返，因为完美方案若永远停在准备中，便只是逃避行动的体面名字。|感>精:核围巾是否真属他儿子。我看破了这一层：真相常藏在不合常理的小处，细微异常也可能保存完整证词；我接受这份决定无法让所有人心安。
交付物被雨泡·时间拒绝归还|“交付物被雨泡”让旁观者无从退回无知，因为职责给予行动方向，却不能赦免一个人明知后果仍拒绝判断。“交付物被雨泡”最终保存的不是答案，而是这项无法回避的事实：没有任何称号能替行动者免罪，职责、传统与命令最终都要落回具体选择。|体>感:面对这段倒影，我选择先把卷轴妥善烘干，交期后说。所有宏大目标最终都要由会疲惫、会受伤的身体承担；我接受某些细节会留在暗处。|精>体:沉默不等于同意，让当事人保有声音才使善意不至于越界。因此我选择主动告知馆员湿损；我接受生存保障暂时后退。|力>精:面对这段倒影，我选择不交受损件并承担责任。伤害若不被明确拒绝，退让便会成为下一次伤害的许可；我接受关系会留下裂痕。|智>力:未经核实的确信只会让错误披上正义外衣，事实必须先于结论。因此我选择记录可读字与缺损范围；我接受放下强行定夺的权力。|敏>智:面对这段倒影，我选择赶找修复师处理。时机本身就是因果，迟到的正确无法挽回已经发生的损失；我接受理性暂时得不到整齐答案。|感>敏:真相常藏在不合常理的小处，细微异常也可能保存完整证词。因此我选择看潮湿是否已伤墨；我接受错过最快的时机。
委托描述过度·力量必须止步之处|NPC想委托一名冒险者找走失契兽，却要求公告写“危险凶兽”，以便吸引强者；契兽其实只受惊。在名为“委托描述过度”的记忆里，任务的成功条件十分清楚，真正模糊的是谁有资格把他人的命运写成条件。力量足以结束争执，却只有自我约束能证明力量没有把人变成手段；“委托描述过度”使这层代价再也无法藏回惯例之中。|体>智:我无愧于写走失并提醒别伤它这一选择。伤痛不会因目标正确便失去重量，具体生命必须先被接住；我接受理性暂时得不到整齐答案。|精>敏:我会说明虚写会害契兽。这份选择承认，沉默不等于同意，让当事人保有声音才使善意不至于越界；我接受错过最快的时机。|力>感:我无愧于拒绝发布夸大公告这一选择。伤害若不被明确拒绝，退让便会成为下一次伤害的许可；我接受某些细节会留在暗处。|智>体:我会列出真实体型与行为。这份选择承认，未经核实的确信只会让错误披上正义外衣，事实必须先于结论；我接受生存保障暂时后退。|敏>精:我无愧于先组织近处寻找这一选择。完美方案若永远停在准备中，便只是逃避行动的体面名字；我接受关系会留下裂痕。|感>力:我会问最后一次被看见时的状态。这份选择承认，真相常藏在不合常理的小处，细微异常也可能保存完整证词；我接受放下强行定夺的权力。
救援名单漏人·知识不能赦免|浮叶镇救援队按名单带回五人，原委托写五人；回程车上有人说营地里还有第六人。在“救援名单漏人”映出的裂隙中，委托写明了目标与报酬，却把执行者最终要面对的人隐藏在简短措辞之后。当倒影被命名为“救援名单漏人”，知识揭开事实之后仍保持沉默，沉默便不再无辜。|体>精:先安置已救五人再返搜。我看破了这一层：脆弱不是被排到最后的理由，保护生命正是责任最先抵达之处；我接受关系会留下裂痕。|精>力:我接受放下强行定夺的权力。我仍选择听其描述第六人，不否认，因为共同承担不是把代价摊薄，而是不让最沉默的人独自负重。|力>智:立即派队返营地。我看破了这一层：无法两全时仍须有人署名定夺，责任不能被推给更弱者；我接受理性暂时得不到整齐答案。|智>敏:我接受错过最快的时机。我仍选择核原登记与营地人数，因为未经核实的确信只会让错误披上正义外衣，事实必须先于结论。|敏>感:自己快马返回。我看破了这一层：时机本身就是因果，迟到的正确无法挽回已经发生的损失；我接受某些细节会留在暗处。|感>体:我接受生存保障暂时后退。我仍选择查五人是否有人认得第六人，因为真相常藏在不合常理的小处，细微异常也可能保存完整证词。
日常委托快重置·忠诚的限度|每日站点委托还有一刻重置，一名冒险者完成了要求但前台排长队。“日常委托快重置”没有留下裁决，只让这一事实显露出来：完成任务可以证明服从与能力，无法证明最初的命令就值得完成。透过“日常委托快重置”，片段把被忽略之物推到眼前：多数人的安稳与一个人的不可替代在此相撞，数量无法独自证明正义。|体>敏:伤痛不会因目标正确便失去重量，具体生命必须先被接住。因此我选择先让有急病者排前，不争任务；我接受行动不得不慢下来。|精>感:面对这段倒影，我选择向排队者说明情况求理解。沉默不等于同意，让当事人保有声音才使善意不至于越界；我接受直觉仍在发出相反提醒。|力>体:伤害若不被明确拒绝，退让便会成为下一次伤害的许可。因此我选择要求前台按完成时点登记；我接受眼前安稳不再优先。|智>精:面对这段倒影，我选择保留完成凭据后按序交。眼前有效不等于长久正确，未被计算的后果终会从未来回来索债；我接受和解不会立刻到来。|敏>力:完美方案若永远停在准备中，便只是逃避行动的体面名字。因此我选择走自助交付口；我接受边界不能立刻建立。|感>智:面对这段倒影，我选择看委托是否以完成时间计。真相常藏在不合常理的小处，细微异常也可能保存完整证词；我接受因果尚未完全查清。
隐藏委托误接·公平未曾抵达|导师私下给一名冒险者一份私人委托，一名冒险者发现其中一步会与朋友已接的普通任务抢同一材料。承诺要求人抵达终点，也要求人在发现真相后重新承担继续前行的责任；这正是“隐藏委托误接”无法替任何人抹去的部分。过去不能重来，悔意的价值只能由此后愿意承担的行动证明；自“隐藏委托误接”发生以后，沉默也带有了方向。|体>力:我会先留够朋友救急材料。这份选择承认，脆弱不是被排到最后的理由，保护生命正是责任最先抵达之处；我接受边界不能立刻建立。|精>智:我无愧于告诉朋友冲突但不泄密这一选择。共同承担不是把代价摊薄，而是不让最沉默的人独自负重；我接受因果尚未完全查清。|力>敏:我会放弃私人委托这一环。这份选择承认，无法两全时仍须有人署名定夺，责任不能被推给更弱者；我接受行动不得不慢下来。|智>感:我无愧于算两任务材料可否分批这一选择。未经核实的确信只会让错误披上正义外衣，事实必须先于结论；我接受直觉仍在发出相反提醒。|敏>体:我会去另一区域找材料。这份选择承认，旧路已经制造眼前困局，改变方向才能为未来保留新的出口；我接受眼前安稳不再优先。|感>精:我无愧于核材料刷新规律这一选择。真相常藏在不合常理的小处，细微异常也可能保存完整证词；我接受和解不会立刻到来。
任务完成却没结算·陌生人的位置|一名冒险者护送旅人到公会门口，系统仍显示“路上”；旅人已经走进大厅，前台快下班。旅人已经抵达，系统却未结算。“任务完成却没结算”让旁观者无从退回无知，因为职责给予行动方向，却不能赦免一个人明知后果仍拒绝判断。“任务完成却没结算”最终保存的不是答案，而是这项无法回避的事实：没有任何称号能替行动者免罪，职责、传统与命令最终都要落回具体选择。|体>感:我接受仍有隐情未被辨明。我仍选择先确保旅人有住处，因为所有宏大目标最终都要由会疲惫、会受伤的身体承担。|精>体:请旅人自愿作证。我看破了这一层：共同承担不是把代价摊薄，而是不让最沉默的人独自负重；我接受身体与资源要承受额外压力。|力>精:我接受这份决定无法让所有人心安。我仍选择要求前台按实际到达结算，因为伤害若不被明确拒绝，退让便会成为下一次伤害的许可。|智>力:核位置与时间记录。我看破了这一层：未经核实的确信只会让错误披上正义外衣，事实必须先于结论；我接受暂不以强力终结争执。|敏>智:我接受这未必是计算中的最优解。我仍选择赶在下班前带旅人回门口触发，因为时机本身就是因果，迟到的正确无法挽回已经发生的损失。|感>敏:看任务要求是否是柜台交接。我看破了这一层：真相常藏在不合常理的小处，细微异常也可能保存完整证词；我接受变通空间随之缩小。
修路任务遇遗物·故乡如何成立|修路委托挖出一枚旧战场徽章，工头说埋回去赶工，村民想知道主人是谁。在名为“修路任务遇遗物”的记忆里，任务的成功条件十分清楚，真正模糊的是谁有资格把他人的命运写成条件。力量足以结束争执，却只有自我约束能证明力量没有把人变成手段；“修路任务遇遗物”使这层代价再也无法藏回惯例之中。|体>智:面对这段倒影，我选择先补好危险路坑，徽章暂存。所有宏大目标最终都要由会疲惫、会受伤的身体承担；我接受这未必是计算中的最优解。|精>敏:共同承担不是把代价摊薄，而是不让最沉默的人独自负重。因此我选择听村民关于战场的记忆；我接受变通空间随之缩小。|力>感:面对这段倒影，我选择暂停挖掘并封存地点。伤害若不被明确拒绝，退让便会成为下一次伤害的许可；我接受仍有隐情未被辨明。|智>体:规则若不计算沉默者承担的代价，精确也会成为稳定重复错误的工具。因此我选择登记出土深度和方位；我接受身体与资源要承受额外压力。|敏>精:面对这段倒影，我选择送徽章去公会查人。完美方案若永远停在准备中，便只是逃避行动的体面名字；我接受这份决定无法让所有人心安。|感>力:真相常藏在不合常理的小处，细微异常也可能保存完整证词。因此我选择看徽章刻号与土层；我接受暂不以强力终结争执。
顺手多做的委托·被制造的天命|一名冒险者受托送一箱药，途中还替村民修好桥绳；雇主只愿付送药钱。在“顺手多做的委托”映出的裂隙中，委托写明了目标与报酬，却把执行者最终要面对的人隐藏在简短措辞之后。当倒影被命名为“顺手多做的委托”，知识揭开事实之后仍保持沉默，沉默便不再无辜。|体>精:我无愧于先确认桥安全与药送达这一选择。伤痛不会因目标正确便失去重量，具体生命必须先被接住；我接受这份决定无法让所有人心安。|精>力:我会让村民知修桥是自愿帮忙。这份选择承认，共同承担不是把代价摊薄，而是不让最沉默的人独自负重；我接受暂不以强力终结争执。|力>智:我无愧于要求另付修桥工钱这一选择。伤害若不被明确拒绝，退让便会成为下一次伤害的许可；我接受这未必是计算中的最优解。|智>敏:我会把两项任务分别记入账。这份选择承认，眼前有效不等于长久正确，未被计算的后果终会从未来回来索债；我接受变通空间随之缩小。|敏>感:我无愧于赶回桥拍照作证这一选择。时机本身就是因果，迟到的正确无法挽回已经发生的损失；我接受仍有隐情未被辨明。|感>体:我会问桥绳是否原本就在委托内。这份选择承认，表面的安静不能证明没有伤害，未被看见的后果仍会找到承担者；我接受身体与资源要承受额外压力。
找回物不是原物·牺牲由谁决定|失物委托要找蓝色药瓶，一名冒险者找到同形同色的一瓶，委托人说内容不一样但愿收下。“找回物不是原物”没有留下裁决，只让这一事实显露出来：完成任务可以证明服从与能力，无法证明最初的命令就值得完成。透过“找回物不是原物”，片段把被忽略之物推到眼前：多数人的安稳与一个人的不可替代在此相撞，数量无法独自证明正义。|体>敏:先确认瓶中药是否安全。我看破了这一层：伤痛不会因目标正确便失去重量，具体生命必须先被接住；我接受错过最快的时机。|精>感:我接受某些细节会留在暗处。我仍选择说明不确定性让他决定，因为沉默不等于同意，让当事人保有声音才使善意不至于越界。|力>体:拒领“找回原物”的全额赏。我看破了这一层：伤害若不被明确拒绝，退让便会成为下一次伤害的许可；我接受生存保障暂时后退。|智>精:我接受关系会留下裂痕。我仍选择按部分成果重新谈报酬，因为眼前有效不等于长久正确，未被计算的后果终会从未来回来索债。|敏>力:继续找真正药瓶。我看破了这一层：完美方案若永远停在准备中，便只是逃避行动的体面名字；我接受放下强行定夺的权力。|感>智:我接受理性暂时得不到整齐答案。我仍选择查瓶底批号，因为真相常藏在不合常理的小处，细微异常也可能保存完整证词。
被迫接的委托·希望并非证据|酒馆老板当众把一张讨伐委托塞给新手，说拒接就没胆量；新手已签名，脸色发白。承诺要求人抵达终点，也要求人在发现真相后重新承担继续前行的责任；这正是“被迫接的委托”无法替任何人抹去的部分。过去不能重来，悔意的价值只能由此后愿意承担的行动证明；自“被迫接的委托”发生以后，沉默也带有了方向。|体>力:所有宏大目标最终都要由会疲惫、会受伤的身体承担。因此我选择先让新手退出险战；我接受放下强行定夺的权力。|精>智:面对这段倒影，我选择告诉他可以撤回选择。共同承担不是把代价摊薄，而是不让最沉默的人独自负重；我接受理性暂时得不到整齐答案。|力>敏:伤害若不被明确拒绝，退让便会成为下一次伤害的许可。因此我选择要求老板停止施压；我接受错过最快的时机。|智>感:面对这段倒影，我选择查接取后的撤销规则。未经核实的确信只会让错误披上正义外衣，事实必须先于结论；我接受某些细节会留在暗处。|敏>体:完美方案若永远停在准备中，便只是逃避行动的体面名字。因此我选择带新手去公会撤单；我接受生存保障暂时后退。|感>精:面对这段倒影，我选择看签名是否在恐吓下写的。真相常藏在不合常理的小处，细微异常也可能保存完整证词；我接受关系会留下裂痕。
两队同接一单·失去之后的选择|两支队伍都接到清理同一洞穴委托，一队已清前厅，另一队刚到。公会系统没有合队按钮。“两队同接一单”让旁观者无从退回无知，因为职责给予行动方向，却不能赦免一个人明知后果仍拒绝判断。“两队同接一单”最终保存的不是答案，而是这项无法回避的事实：没有任何称号能替行动者免罪，职责、传统与命令最终都要落回具体选择。|体>感:我会先安排安全分区防误伤。这份选择承认，伤痛不会因目标正确便失去重量，具体生命必须先被接住；我接受直觉仍在发出相反提醒。|精>体:我无愧于让两队商量分工与分赏这一选择。沉默不等于同意，让当事人保有声音才使善意不至于越界；我接受眼前安稳不再优先。|力>精:我会先到者继续，后来者另接。这份选择承认，无法两全时仍须有人署名定夺，责任不能被推给更弱者；我接受和解不会立刻到来。|智>力:我无愧于按实际清理区域分账这一选择。眼前有效不等于长久正确，未被计算的后果终会从未来回来索债；我接受边界不能立刻建立。|敏>智:我会派后来者探后门。这份选择承认，完美方案若永远停在准备中，便只是逃避行动的体面名字；我接受因果尚未完全查清。|感>敏:我无愧于核是否真同一洞穴实例这一选择。真相常藏在不合常理的小处，细微异常也可能保存完整证词；我接受行动不得不慢下来。
照料委托变难·旁观者也在场|原委托是照顾一天受伤契兽，兽医复查发现要连照三日，主人不在镇。在名为“照料委托变难”的记忆里，任务的成功条件十分清楚，真正模糊的是谁有资格把他人的命运写成条件。力量足以结束争执，却只有自我约束能证明力量没有把人变成手段；“照料委托变难”使这层代价再也无法藏回惯例之中。|体>智:我接受因果尚未完全查清。我仍选择先保证契兽今天有药和食，因为伤痛不会因目标正确便失去重量，具体生命必须先被接住。|精>敏:联系主人商量新增照料。我看破了这一层：沉默不等于同意，让当事人保有声音才使善意不至于越界；我接受行动不得不慢下来。|力>感:我接受直觉仍在发出相反提醒。我仍选择要求公会调整期限与报酬，因为伤害若不被明确拒绝，退让便会成为下一次伤害的许可。|智>体:算三日药量和可用人手。我看破了这一层：未经核实的确信只会让错误披上正义外衣，事实必须先于结论；我接受眼前安稳不再优先。|敏>精:我接受和解不会立刻到来。我仍选择找兽栏接续照顾，因为完美方案若永远停在准备中，便只是逃避行动的体面名字。|感>力:观察病情是否真需三日。我看破了这一层：真相常藏在不合常理的小处，细微异常也可能保存完整证词；我接受边界不能立刻建立。
快递任务遇宵禁·活着不是结论|紧急包裹必须今夜送到，但镇门已宵禁；收件人是医师，包裹没有危险标记。在“快递任务遇宵禁”映出的裂隙中，委托写明了目标与报酬，却把执行者最终要面对的人隐藏在简短措辞之后。当倒影被命名为“快递任务遇宵禁”，知识揭开事实之后仍保持沉默，沉默便不再无辜。|体>精:面对这段倒影，我选择先把包裹交门内医护，不等手续。脆弱不是被排到最后的理由，保护生命正是责任最先抵达之处；我接受和解不会立刻到来。|精>力:沉默不等于同意，让当事人保有声音才使善意不至于越界。因此我选择说明用途并听守卫要求；我接受边界不能立刻建立。|力>智:面对这段倒影，我选择要求按急救例外放行。伤害若不被明确拒绝，退让便会成为下一次伤害的许可；我接受因果尚未完全查清。|智>敏:未经核实的确信只会让错误披上正义外衣，事实必须先于结论。因此我选择核包裹清单与通行条款；我接受行动不得不慢下来。|敏>感:面对这段倒影，我选择从合法急件窗口快递。时机本身就是因果，迟到的正确无法挽回已经发生的损失；我接受直觉仍在发出相反提醒。|感>体:表面的安静不能证明没有伤害，未被看见的后果仍会找到承担者。因此我选择验封口确认物品无误；我接受眼前安稳不再优先。
任务线索来自盗匪·名字不能替代一个人|盗匪说知道失踪商队去向，要求一名冒险者答应在报告里隐去他的名字。“任务线索来自盗匪”没有留下裁决，只让这一事实显露出来：完成任务可以证明服从与能力，无法证明最初的命令就值得完成。透过“任务线索来自盗匪”，片段把被忽略之物推到眼前：多数人的安稳与一个人的不可替代在此相撞，数量无法独自证明正义。|体>敏:我无愧于先取商队位置救人这一选择。脆弱不是被排到最后的理由，保护生命正是责任最先抵达之处；我接受变通空间随之缩小。|精>感:我会答应保护无关隐私但不承诺造假。这份选择承认，共同承担不是把代价摊薄，而是不让最沉默的人独自负重；我接受仍有隐情未被辨明。|力>体:我无愧于拒绝隐名交易并继续审问这一选择。伤害若不被明确拒绝，退让便会成为下一次伤害的许可；我接受身体与资源要承受额外压力。|智>精:我会将线索与来源分开保密提交。这份选择承认，眼前有效不等于长久正确，未被计算的后果终会从未来回来索债；我接受这份决定无法让所有人心安。|敏>力:我无愧于马上按方向找商队这一选择。完美方案若永远停在准备中，便只是逃避行动的体面名字；我接受暂不以强力终结争执。|感>智:我会核他是否真见过车队。这份选择承认，真相常藏在不合常理的小处，细微异常也可能保存完整证词；我接受这未必是计算中的最优解。
任务奖励是赝品·悔意无法倒流|完成委托得到“世界树叶脉”纪念物，鉴物师说是普通树脂；委托方似乎也被骗。承诺要求人抵达终点，也要求人在发现真相后重新承担继续前行的责任；这正是“任务奖励是赝品”无法替任何人抹去的部分。过去不能重来，悔意的价值只能由此后愿意承担的行动证明；自“任务奖励是赝品”发生以后，沉默也带有了方向。|体>力:先确保队员应得生活报酬。我看破了这一层：所有宏大目标最终都要由会疲惫、会受伤的身体承担；我接受暂不以强力终结争执。|精>智:我接受这未必是计算中的最优解。我仍选择向委托方说明赝品而不先指责，因为沉默不等于同意，让当事人保有声音才使善意不至于越界。|力>敏:要求补足约定奖励。我看破了这一层：伤害若不被明确拒绝，退让便会成为下一次伤害的许可；我接受变通空间随之缩小。|智>感:我接受仍有隐情未被辨明。我仍选择找合同描述与鉴物报告，因为眼前有效不等于长久正确，未被计算的后果终会从未来回来索债。|敏>体:赶联系上游供货方。我看破了这一层：时机本身就是因果，迟到的正确无法挽回已经发生的损失；我接受身体与资源要承受额外压力。|感>精:我接受这份决定无法让所有人心安。我仍选择复验树脂来源，因为表面的安静不能证明没有伤害，未被看见的后果仍会找到承担者。
世界线贡献重复·沉默也有方向|同一天一名冒险者完成两笔站点委托，系统只给一次世界线贡献；前台说“每日一次”，公告却没写。公告漏写领取限制。“世界线贡献重复”让旁观者无从退回无知，因为职责给予行动方向，却不能赦免一个人明知后果仍拒绝判断。“世界线贡献重复”最终保存的不是答案，而是这项无法回避的事实：没有任何称号能替行动者免罪，职责、传统与命令最终都要落回具体选择。|体>感:脆弱不是被排到最后的理由，保护生命正是责任最先抵达之处。因此我选择先确保两笔货物都用于救援；我接受某些细节会留在暗处。|精>体:面对这段倒影，我选择请前台向后来者讲清限制。共同承担不是把代价摊薄，而是不让最沉默的人独自负重；我接受生存保障暂时后退。|力>精:伤害若不被明确拒绝，退让便会成为下一次伤害的许可。因此我选择要求补发第二次贡献；我接受关系会留下裂痕。|智>力:面对这段倒影，我选择核规则版本与完成时间。未经核实的确信只会让错误披上正义外衣，事实必须先于结论；我接受放下强行定夺的权力。|敏>智:时机本身就是因果，迟到的正确无法挽回已经发生的损失。因此我选择赶在公告更新前留反馈；我接受理性暂时得不到整齐答案。|感>敏:面对这段倒影，我选择查哪一笔被登记了。真相常藏在不合常理的小处，细微异常也可能保存完整证词；我接受错过最快的时机。
委托物被队友私藏·看破仍须行动|提交采矿委托时少一块矿石，一名冒险者发现队友背包里有同款，他说那是自己路上捡的。在名为“委托物被队友私藏”的记忆里，任务的成功条件十分清楚，真正模糊的是谁有资格把他人的命运写成条件。力量足以结束争执，却只有自我约束能证明力量没有把人变成手段；“委托物被队友私藏”使这层代价再也无法藏回惯例之中。|体>智:我会先保证任务有足量矿，争议后查。这份选择承认，所有宏大目标最终都要由会疲惫、会受伤的身体承担；我接受理性暂时得不到整齐答案。|精>敏:我无愧于私下问队友来源这一选择。沉默不等于同意，让当事人保有声音才使善意不至于越界；我接受错过最快的时机。|力>感:我会暂停提交并要求拿出矿。这份选择承认，伤害若不被明确拒绝，退让便会成为下一次伤害的许可；我接受某些细节会留在暗处。|智>体:我无愧于对照采集日志和拾取记录这一选择。未经核实的确信只会让错误披上正义外衣，事实必须先于结论；我接受生存保障暂时后退。|敏>精:我会先补采一块再交。这份选择承认，完美方案若永远停在准备中，便只是逃避行动的体面名字；我接受关系会留下裂痕。|感>力:我无愧于看矿石切面与采点这一选择。真相常藏在不合常理的小处，细微异常也可能保存完整证词；我接受放下强行定夺的权力。
悬赏线索误指邻居·没有清白的捷径|悬赏犯被说藏在邻居家，邻居正在院里做饭，窗上却挂着悬赏犯同款斗篷。在“悬赏线索误指邻居”映出的裂隙中，委托写明了目标与报酬，却把执行者最终要面对的人隐藏在简短措辞之后。当倒影被命名为“悬赏线索误指邻居”，知识揭开事实之后仍保持沉默，沉默便不再无辜。|体>精:我接受关系会留下裂痕。我仍选择先让邻居避开可能冲突，因为脆弱不是被排到最后的理由，保护生命正是责任最先抵达之处。|精>力:请邻居自愿说明斗篷来源。我看破了这一层：沉默不等于同意，让当事人保有声音才使善意不至于越界；我接受放下强行定夺的权力。|力>智:我接受理性暂时得不到整齐答案。我仍选择按授权封院搜查，因为伤害若不被明确拒绝，退让便会成为下一次伤害的许可。|智>敏:核搜查令和线索可信度。我看破了这一层：未经核实的确信只会让错误披上正义外衣，事实必须先于结论；我接受错过最快的时机。|敏>感:我接受某些细节会留在暗处。我仍选择绕后查看是否有人逃出，因为旧路已经制造眼前困局，改变方向才能为未来保留新的出口。|感>体:看斗篷缝线是否真的同款。我看破了这一层：真相常藏在不合常理的小处，细微异常也可能保存完整证词；我接受生存保障暂时后退。
修碑委托的名字·未来向现在索债|村庄委托修纪念碑，一位幸存者要求新增一名被遗忘者，委托清单没有此名。“修碑委托的名字”没有留下裁决，只让这一事实显露出来：完成任务可以证明服从与能力，无法证明最初的命令就值得完成。透过“修碑委托的名字”，片段把被忽略之物推到眼前：多数人的安稳与一个人的不可替代在此相撞，数量无法独自证明正义。|体>敏:面对这段倒影，我选择先稳固碑基让人能安全祭扫。伤痛不会因目标正确便失去重量，具体生命必须先被接住；我接受行动不得不慢下来。|精>感:共同承担不是把代价摊薄，而是不让最沉默的人独自负重。因此我选择听幸存者讲那个人；我接受直觉仍在发出相反提醒。|力>体:面对这段倒影，我选择要求村长重新确认名单。伤害若不被明确拒绝，退让便会成为下一次伤害的许可；我接受眼前安稳不再优先。|智>精:未经核实的确信只会让错误披上正义外衣，事实必须先于结论。因此我选择查旧名册与档案；我接受和解不会立刻到来。|敏>力:面对这段倒影，我选择赶找另一位见证人。时机本身就是因果，迟到的正确无法挽回已经发生的损失；我接受边界不能立刻建立。|感>智:真相常藏在不合常理的小处，细微异常也可能保存完整证词。因此我选择看碑后是否留旧刻痕；我接受因果尚未完全查清。
导师不在场·同情不能代为决定|转职试炼要求导师现场见证，一名冒险者已完成全部目标，导师被急召去救人，晚上才回。承诺要求人抵达终点，也要求人在发现真相后重新承担继续前行的责任；这正是“导师不在场”无法替任何人抹去的部分。过去不能重来，悔意的价值只能由此后愿意承担的行动证明；自“导师不在场”发生以后，沉默也带有了方向。|体>力:我无愧于先让受救者得到帮助，试炼暂等这一选择。脆弱不是被排到最后的理由，保护生命正是责任最先抵达之处；我接受边界不能立刻建立。|精>智:我会尊重导师出勤原因。这份选择承认，共同承担不是把代价摊薄，而是不让最沉默的人独自负重；我接受因果尚未完全查清。|力>敏:我无愧于要求公会安排替代见证人这一选择。伤害若不被明确拒绝，退让便会成为下一次伤害的许可；我接受行动不得不慢下来。|智>感:我会核规则是否允许事后认证。这份选择承认，未经核实的确信只会让错误披上正义外衣，事实必须先于结论；我接受直觉仍在发出相反提醒。|敏>体:我无愧于去救援地点请导师短时签名这一选择。完美方案若永远停在准备中，便只是逃避行动的体面名字；我接受眼前安稳不再优先。|感>精:我会查试炼证据能否保持到晚间。这份选择承认，真相常藏在不合常理的小处，细微异常也可能保存完整证词；我接受和解不会立刻到来。
失败委托如何报·边界之内的勇气|小队讨伐失败撤退，仍带回了魔物习性情报；委托书只写击杀奖励。“失败委托如何报”让旁观者无从退回无知，因为职责给予行动方向，却不能赦免一个人明知后果仍拒绝判断。“失败委托如何报”最终保存的不是答案，而是这项无法回避的事实：没有任何称号能替行动者免罪，职责、传统与命令最终都要落回具体选择。|体>感:先列伤员与安全撤退路线。我看破了这一层：伤痛不会因目标正确便失去重量，具体生命必须先被接住；我接受仍有隐情未被辨明。|精>体:我接受身体与资源要承受额外压力。我仍选择坦诚失败并感谢队友，因为沉默不等于同意，让当事人保有声音才使善意不至于越界。|力>精:明确未完成击杀不领全赏。我看破了这一层：力量的正当不由胜负证明，而由它愿意在哪里停止证明；我接受这份决定无法让所有人心安。|智>力:我接受暂不以强力终结争执。我仍选择单列有用情报申请调查费，因为未经核实的确信只会让错误披上正义外衣，事实必须先于结论。|敏>智:赶把情报交下一队。我看破了这一层：时机本身就是因果，迟到的正确无法挽回已经发生的损失；我接受这未必是计算中的最优解。|感>敏:我接受变通空间随之缩小。我仍选择写清实见的魔物弱点，因为表面的安静不能证明没有伤害，未被看见的后果仍会找到承担者。
委托人换主意·问心无愧的代价|一名冒险者已做完家具，委托人说房子卖了，想把桌子改成交给另一位陌生人；尺寸可能不合适。在名为“委托人换主意”的记忆里，任务的成功条件十分清楚，真正模糊的是谁有资格把他人的命运写成条件。力量足以结束争执，却只有自我约束能证明力量没有把人变成手段；“委托人换主意”使这层代价再也无法藏回惯例之中。|体>智:伤痛不会因目标正确便失去重量，具体生命必须先被接住。因此我选择先保证搬运安全；我接受这未必是计算中的最优解。|精>敏:面对这段倒影，我选择请委托人和新收件人都确认。共同承担不是把代价摊薄，而是不让最沉默的人独自负重；我接受变通空间随之缩小。|力>感:无法两全时仍须有人署名定夺，责任不能被推给更弱者。因此我选择按原合同交原委托人；我接受仍有隐情未被辨明。|智>体:面对这段倒影，我选择核尺寸与变更费用。未经核实的确信只会让错误披上正义外衣，事实必须先于结论；我接受身体与资源要承受额外压力。|敏>精:完美方案若永远停在准备中，便只是逃避行动的体面名字。因此我选择先带桌去新址试摆；我接受这份决定无法让所有人心安。|感>力:面对这段倒影，我选择看新屋门是否进得去。真相常藏在不合常理的小处，细微异常也可能保存完整证词；我接受暂不以强力终结争执。
药圃巡检见偷采·秩序的余数|每日药圃巡检委托里，一名冒险者发现孩子偷采了一株草药给祖母，园主要求照规则罚款。在“药圃巡检见偷采”映出的裂隙中，完成任务可以证明服从与能力，无法证明最初的命令就值得完成。当倒影被命名为“药圃巡检见偷采”，知识揭开事实之后仍保持沉默，沉默便不再无辜。|体>精:我会先确认祖母能否用草药。这份选择承认，伤痛不会因目标正确便失去重量，具体生命必须先被接住；我接受这份决定无法让所有人心安。|精>力:我无愧于如实写孩子动机，不掩偷采这一选择。共同承担不是把代价摊薄，而是不让最沉默的人独自负重；我接受暂不以强力终结争执。|力>智:我会记下违规并请园主处理。这份选择承认，无法两全时仍须有人署名定夺，责任不能被推给更弱者；我接受这未必是计算中的最优解。|智>敏:我无愧于核药草损失与补种成本这一选择。未经核实的确信只会让错误披上正义外衣，事实必须先于结论；我接受变通空间随之缩小。|敏>感:我会带孩子去医馆找合法药。这份选择承认，完美方案若永远停在准备中，便只是逃避行动的体面名字；我接受仍有隐情未被辨明。|感>体:我无愧于看采的是否真是药草这一选择。真相常藏在不合常理的小处，细微异常也可能保存完整证词；我接受身体与资源要承受额外压力。
隐藏任务考题·善意的边界|导师问一名冒险者“为何接这项救援”，选项似乎会影响转职。“隐藏任务考题”没有留下裁决，只让这一事实显露出来：承诺要求人抵达终点，也要求人在发现真相后重新承担继续前行的责任。透过“隐藏任务考题”，片段把被忽略之物推到眼前：多数人的安稳与一个人的不可替代在此相撞，数量无法独自证明正义。|体>敏:我接受错过最快的时机。我仍选择为让人活着回来，别谈职业，因为所有宏大目标最终都要由会疲惫、会受伤的身体承担。|精>感:因为愿听见求救，不拿人作试题。我看破了这一层：共同承担不是把代价摊薄，而是不让最沉默的人独自负重；我接受某些细节会留在暗处。|力>体:我接受生存保障暂时后退。我仍选择因为要阻止施害者，因为无法两全时仍须有人署名定夺，责任不能被推给更弱者。|智>精:因为风险可被组织和降低。我看破了这一层：眼前有效不等于长久正确，未被计算的后果终会从未来回来索债；我接受关系会留下裂痕。|敏>力:我接受放下强行定夺的权力。我仍选择因为现在能最快赶到，因为时机本身就是因果，迟到的正确无法挽回已经发生的损失。|感>智:因为已看到被忽略的线索。我看破了这一层：真相常藏在不合常理的小处，细微异常也可能保存完整证词；我接受理性暂时得不到整齐答案。
交接单未签·无人签名的代价|一名冒险者把委托物放在公会柜台，办事员去处理突发事故，交接单没签；货很贵。职责给予行动方向，却不能赦免一个人明知后果仍拒绝判断；这正是“交接单未签”无法替任何人抹去的部分。过去不能重来，悔意的价值只能由此后愿意承担的行动证明；自“交接单未签”发生以后，沉默也带有了方向。|体>力:面对这段倒影，我选择先把易损货移到安全柜。伤痛不会因目标正确便失去重量，具体生命必须先被接住；我接受放下强行定夺的权力。|精>智:沉默不等于同意，让当事人保有声音才使善意不至于越界。因此我选择给办事员留可追认说明；我接受理性暂时得不到整齐答案。|力>敏:面对这段倒影，我选择等待有人签收才走。无法两全时仍须有人署名定夺，责任不能被推给更弱者；我接受错过最快的时机。|智>感:眼前有效不等于长久正确，未被计算的后果终会从未来回来索债。因此我选择拍清货量与时间并封存；我接受某些细节会留在暗处。|敏>体:面对这段倒影，我选择找另一名授权办事员。旧路已经制造眼前困局，改变方向才能为未来保留新的出口；我接受生存保障暂时后退。|感>精:真相常藏在不合常理的小处，细微异常也可能保存完整证词。因此我选择核柜台监控和封条；我接受关系会留下裂痕。
任务地被毁·被多数遗忘的人|一名冒险者接的勘察委托指向旧木桥，到达时桥已被洪水冲走；村民需要今天的新通道。“任务地被毁”让旁观者无从退回无知，因为任务的成功条件十分清楚，真正模糊的是谁有资格把他人的命运写成条件。“任务地被毁”最终保存的不是答案，而是这项无法回避的事实：没有任何称号能替行动者免罪，职责、传统与命令最终都要落回具体选择。|体>感:我无愧于先帮村民找过河路这一选择。所有宏大目标最终都要由会疲惫、会受伤的身体承担；我接受直觉仍在发出相反提醒。|精>体:我会告知委托人现场变化。这份选择承认，沉默不等于同意，让当事人保有声音才使善意不至于越界；我接受眼前安稳不再优先。|力>精:我无愧于请求把任务改为修桥这一选择。无法两全时仍须有人署名定夺，责任不能被推给更弱者；我接受和解不会立刻到来。|智>力:我会测流速写桥毁报告。这份选择承认，未经核实的确信只会让错误披上正义外衣，事实必须先于结论；我接受边界不能立刻建立。|敏>智:我无愧于跑上游找临时渡口这一选择。时机本身就是因果，迟到的正确无法挽回已经发生的损失；我接受因果尚未完全查清。|感>敏:我会记录桥墩残留和水位。这份选择承认，表面的安静不能证明没有伤害，未被看见的后果仍会找到承担者；我接受行动不得不慢下来。
报酬分期拖欠·真相应付的账|NPC答应交货后一半、月底一半，一名冒险者已交货，月底他表示店里没现金但有等值布料。一名冒险者接受布料吗。在名为“报酬分期拖欠”的记忆里，委托写明了目标与报酬，却把执行者最终要面对的人隐藏在简短措辞之后。力量足以结束争执，却只有自我约束能证明力量没有把人变成手段；“报酬分期拖欠”使这层代价再也无法藏回惯例之中。|体>智:先保证队伍当月生活费。我看破了这一层：所有宏大目标最终都要由会疲惫、会受伤的身体承担；我接受因果尚未完全查清。|精>敏:我接受行动不得不慢下来。我仍选择听其经营困难再谈，因为共同承担不是把代价摊薄，而是不让最沉默的人独自负重。|力>感:坚持按约付现金。我看破了这一层：无法两全时仍须有人署名定夺，责任不能被推给更弱者；我接受直觉仍在发出相反提醒。|智>体:我接受眼前安稳不再优先。我仍选择估布料可售价值，因为眼前有效不等于长久正确，未被计算的后果终会从未来回来索债。|敏>精:找愿收布的买主。我看破了这一层：完美方案若永远停在准备中，便只是逃避行动的体面名字；我接受和解不会立刻到来。|感>力:我接受边界不能立刻建立。我仍选择查店里是否真缺现金，因为真相常藏在不合常理的小处，细微异常也可能保存完整证词。
越级委托·自由留下的伤口|新手想接高等级护送任务，公会说他有队友可带，任务目标是送孩子穿过危险林区。在“越级委托”映出的裂隙中，完成任务可以证明服从与能力，无法证明最初的命令就值得完成。当倒影被命名为“越级委托”，知识揭开事实之后仍保持沉默，沉默便不再无辜。|体>精:伤痛不会因目标正确便失去重量，具体生命必须先被接住。因此我选择先要有安全撤退方案；我接受和解不会立刻到来。|精>力:面对这段倒影，我选择问孩子监护人是否知风险。沉默不等于同意，让当事人保有声音才使善意不至于越界；我接受边界不能立刻建立。|力>智:伤害若不被明确拒绝，退让便会成为下一次伤害的许可。因此我选择拒绝不合等级队伍接取；我接受因果尚未完全查清。|智>敏:面对这段倒影，我选择评估团队整体战力。眼前有效不等于长久正确，未被计算的后果终会从未来回来索债；我接受行动不得不慢下来。|敏>感:完美方案若永远停在准备中，便只是逃避行动的体面名字。因此我选择找更安全但较慢路线；我接受直觉仍在发出相反提醒。|感>体:面对这段倒影，我选择查林区近期怪物活动。真相常藏在不合常理的小处，细微异常也可能保存完整证词；我接受眼前安稳不再优先。
采集任务发现稀有幼苗·职责之外|普通采药委托途中发现一株罕见幼苗，交委托可获高赏，拔出会断根。“采集任务发现稀有幼苗”没有留下裁决，只让这一事实显露出来：承诺要求人抵达终点，也要求人在发现真相后重新承担继续前行的责任。透过“采集任务发现稀有幼苗”，片段把被忽略之物推到眼前：多数人的安稳与一个人的不可替代在此相撞，数量无法独自证明正义。|体>敏:我会保留幼苗生机，赏金后算。这份选择承认，所有宏大目标最终都要由会疲惫、会受伤的身体承担；我接受变通空间随之缩小。|精>感:我无愧于告知委托方别逼采这一选择。沉默不等于同意，让当事人保有声音才使善意不至于越界；我接受仍有隐情未被辨明。|力>体:我会禁止采幼苗。这份选择承认，伤害若不被明确拒绝，退让便会成为下一次伤害的许可；我接受身体与资源要承受额外压力。|智>精:我无愧于研究可无损取样这一选择。眼前有效不等于长久正确，未被计算的后果终会从未来回来索债；我接受这份决定无法让所有人心安。|敏>力:我会另找成熟草药交差。这份选择承认，旧路已经制造眼前困局，改变方向才能为未来保留新的出口；我接受暂不以强力终结争执。|感>智:我无愧于观察根须和生长环境这一选择。真相常藏在不合常理的小处，细微异常也可能保存完整证词；我接受这未必是计算中的最优解。
委托物用途可疑·胜利之后|商人委托一名冒险者送一批铁链到废弃塔，单据合规，但目的地最近有人失踪。职责给予行动方向，却不能赦免一个人明知后果仍拒绝判断；这正是“委托物用途可疑”无法替任何人抹去的部分。过去不能重来，悔意的价值只能由此后愿意承担的行动证明；自“委托物用途可疑”发生以后，沉默也带有了方向。|体>力:我接受暂不以强力终结争执。我仍选择先防更多人受害，不送链，因为所有宏大目标最终都要由会疲惫、会受伤的身体承担。|精>智:询问商人用途并听解释。我看破了这一层：沉默不等于同意，让当事人保有声音才使善意不至于越界；我接受这未必是计算中的最优解。|力>敏:我接受变通空间随之缩小。我仍选择拒接并报巡逻队，因为伤害若不被明确拒绝，退让便会成为下一次伤害的许可。|智>感:核购买记录和塔产权。我看破了这一层：未经核实的确信只会让错误披上正义外衣，事实必须先于结论；我接受仍有隐情未被辨明。|敏>体:我接受身体与资源要承受额外压力。我仍选择先去塔附近探情况，因为完美方案若永远停在准备中，便只是逃避行动的体面名字。|感>精:看链条规格是否用于拘束。我看破了这一层：真相常藏在不合常理的小处，细微异常也可能保存完整证词；我接受这份决定无法让所有人心安。
旧案新证·沉默的共谋|一名冒险者帮公会归档旧失踪案时找到新地图，家属早已搬走，结案报告写“无新线索”。“旧案新证”让旁观者无从退回无知，因为任务的成功条件十分清楚，真正模糊的是谁有资格把他人的命运写成条件。“旧案新证”最终保存的不是答案，而是这项无法回避的事实：没有任何称号能替行动者免罪，职责、传统与命令最终都要落回具体选择。|体>感:面对这段倒影，我选择先确认可能仍在世者安全。伤痛不会因目标正确便失去重量，具体生命必须先被接住；我接受某些细节会留在暗处。|精>体:共同承担不是把代价摊薄，而是不让最沉默的人独自负重。因此我选择联系家属是否愿重开；我接受生存保障暂时后退。|力>精:面对这段倒影，我选择要求撤销旧结案标记。伤害若不被明确拒绝，退让便会成为下一次伤害的许可；我接受关系会留下裂痕。|智>力:未经核实的确信只会让错误披上正义外衣，事实必须先于结论。因此我选择核地图年代与路线；我接受放下强行定夺的权力。|敏>智:面对这段倒影，我选择赶去地图指向地点。时机本身就是因果，迟到的正确无法挽回已经发生的损失；我接受理性暂时得不到整齐答案。|感>敏:真相常藏在不合常理的小处，细微异常也可能保存完整证词。因此我选择辨新图是否真属旧案；我接受错过最快的时机。
受救者拒绝领奖·无法平分的正义|救援委托规定获救者签字队伍才能领奖，获救者认为自己没有请人救，拒签。在名为“受救者拒绝领奖”的记忆里，委托写明了目标与报酬，却把执行者最终要面对的人隐藏在简短措辞之后。力量足以结束争执，却只有自我约束能证明力量没有把人变成手段；“受救者拒绝领奖”使这层代价再也无法藏回惯例之中。|体>智:我无愧于先保证他已安置，不催签这一选择。所有宏大目标最终都要由会疲惫、会受伤的身体承担；我接受理性暂时得不到整齐答案。|精>敏:我会尊重拒签并解释用途。这份选择承认，沉默不等于同意，让当事人保有声音才使善意不至于越界；我接受错过最快的时机。|力>感:我无愧于向公会申请独立结算这一选择。无法两全时仍须有人署名定夺，责任不能被推给更弱者；我接受某些细节会留在暗处。|智>体:我会查委托由谁发布及条款。这份选择承认，未经核实的确信只会让错误披上正义外衣，事实必须先于结论；我接受生存保障暂时后退。|敏>精:我无愧于找其他见证人签实到这一选择。完美方案若永远停在准备中，便只是逃避行动的体面名字；我接受关系会留下裂痕。|感>力:我会看他是否因害怕欠情。这份选择承认，真相常藏在不合常理的小处，细微异常也可能保存完整证词；我接受放下强行定夺的权力。
酒馆寻物委托·记忆的所有权|酒馆寻物单写丢一枚银戒，找到时它在店主自己的抽屉，店主已忘记收进去。一名冒险者还领全额报酬吗。在“酒馆寻物委托”映出的裂隙中，完成任务可以证明服从与能力，无法证明最初的命令就值得完成。当倒影被命名为“酒馆寻物委托”，知识揭开事实之后仍保持沉默，沉默便不再无辜。|体>精:先把戒指归还，报酬后说。我看破了这一层：所有宏大目标最终都要由会疲惫、会受伤的身体承担；我接受关系会留下裂痕。|精>力:我接受放下强行定夺的权力。我仍选择提醒店主是误放，不取笑，因为共同承担不是把代价摊薄，而是不让最沉默的人独自负重。|力>智:按寻获条件要求报酬。我看破了这一层：伤害若不被明确拒绝，退让便会成为下一次伤害的许可；我接受理性暂时得不到整齐答案。|智>敏:我接受错过最快的时机。我仍选择按实际搜寻劳动议价，因为眼前有效不等于长久正确，未被计算的后果终会从未来回来索债。|敏>感:立刻归还就离开。我看破了这一层：时机本身就是因果，迟到的正确无法挽回已经发生的损失；我接受某些细节会留在暗处。|感>体:我接受生存保障暂时后退。我仍选择核抽屉是否还有别人物，因为真相常藏在不合常理的小处，细微异常也可能保存完整证词。
副本通关差一箱·活下来的重量|副本任务写收集三箱物资，一名冒险者们安全带回两箱，第三箱被洪水卷走。队长想在记录里写三箱。“副本通关差一箱”没有留下裁决，只让这一事实显露出来：承诺要求人抵达终点，也要求人在发现真相后重新承担继续前行的责任。透过“副本通关差一箱”，片段把被忽略之物推到眼前：多数人的安稳与一个人的不可替代在此相撞，数量无法独自证明正义。|体>敏:脆弱不是被排到最后的理由，保护生命正是责任最先抵达之处。因此我选择先确保两箱救急物资可用；我接受行动不得不慢下来。|精>感:面对这段倒影，我选择告诉队长不能一起作假。共同承担不是把代价摊薄，而是不让最沉默的人独自负重；我接受直觉仍在发出相反提醒。|力>体:伤害若不被明确拒绝，退让便会成为下一次伤害的许可。因此我选择拒签虚报记录；我接受眼前安稳不再优先。|智>精:面对这段倒影，我选择注明第三箱损失与证据。眼前有效不等于长久正确，未被计算的后果终会从未来回来索债；我接受和解不会立刻到来。|敏>力:完美方案若永远停在准备中，便只是逃避行动的体面名字。因此我选择回水边尝试找箱；我接受边界不能立刻建立。|感>智:面对这段倒影，我选择核是否有人见过箱被卷走。真相常藏在不合常理的小处，细微异常也可能保存完整证词；我接受因果尚未完全查清。
任务期限遇地震·承诺的背面|地震让委托目的地封闭，任务期限今夜截止；委托人担心系统自动判失败。职责给予行动方向，却不能赦免一个人明知后果仍拒绝判断；这正是“任务期限遇地震”无法替任何人抹去的部分。过去不能重来，悔意的价值只能由此后愿意承担的行动证明；自“任务期限遇地震”发生以后，沉默也带有了方向。|体>力:我会先撤受困村民，不管期限。这份选择承认，脆弱不是被排到最后的理由，保护生命正是责任最先抵达之处；我接受边界不能立刻建立。|精>智:我无愧于说明双方不是故意违约这一选择。沉默不等于同意，让当事人保有声音才使善意不至于越界；我接受因果尚未完全查清。|力>敏:我会要求暂停期限计时。这份选择承认，伤害若不被明确拒绝，退让便会成为下一次伤害的许可；我接受行动不得不慢下来。|智>感:我无愧于提交地震记录申请顺延这一选择。未经核实的确信只会让错误披上正义外衣，事实必须先于结论；我接受直觉仍在发出相反提醒。|敏>体:我会赶送公告到各队。这份选择承认，时机本身就是因果，迟到的正确无法挽回已经发生的损失；我接受眼前安稳不再优先。|感>精:我无愧于核封闭范围和时间这一选择。真相常藏在不合常理的小处，细微异常也可能保存完整证词；我接受和解不会立刻到来。
争议的完成条件·看见而不占有|一项清除怪物委托写“驱离”，一名冒险者们把怪物引走，隔日它又回来；委托人说没完成。“争议的完成条件”让旁观者无从退回无知，因为任务的成功条件十分清楚，真正模糊的是谁有资格把他人的命运写成条件。“争议的完成条件”最终保存的不是答案，而是这项无法回避的事实：没有任何称号能替行动者免罪，职责、传统与命令最终都要落回具体选择。|体>感:我接受仍有隐情未被辨明。我仍选择先保护村口，结算后谈，因为脆弱不是被排到最后的理由，保护生命正是责任最先抵达之处。|精>体:承认委托人的担忧。我看破了这一层：共同承担不是把代价摊薄，而是不让最沉默的人独自负重；我接受身体与资源要承受额外压力。|力>精:我接受这份决定无法让所有人心安。我仍选择重新驱离直到不回，因为无法两全时仍须有人署名定夺，责任不能被推给更弱者。|智>力:定义驱离持续时限。我看破了这一层：眼前有效不等于长久正确，未被计算的后果终会从未来回来索债；我接受暂不以强力终结争执。|敏>智:我接受这未必是计算中的最优解。我仍选择追怪物迁徙路线，因为时机本身就是因果，迟到的正确无法挽回已经发生的损失。|感>敏:核它是否同一只。我看破了这一层：真相常藏在不合常理的小处，细微异常也可能保存完整证词；我接受变通空间随之缩小。
委托档案里的错名·选择者的债|前台把一名冒险者的名字写在另一队完成栏，另一队因此没法领奖。在名为“委托档案里的错名”的记忆里，委托写明了目标与报酬，却把执行者最终要面对的人隐藏在简短措辞之后。力量足以结束争执，却只有自我约束能证明力量没有把人变成手段；“委托档案里的错名”使这层代价再也无法藏回惯例之中。|体>智:面对这段倒影，我选择先让他们领急用医药费。伤痛不会因目标正确便失去重量，具体生命必须先被接住；我接受这未必是计算中的最优解。|精>敏:沉默不等于同意，让当事人保有声音才使善意不至于越界。因此我选择向另一队解释我没冒领；我接受变通空间随之缩小。|力>感:面对这段倒影，我选择立即更正完成归属。无法两全时仍须有人署名定夺，责任不能被推给更弱者；我接受仍有隐情未被辨明。|智>体:未经核实的确信只会让错误披上正义外衣，事实必须先于结论。因此我选择查两单业务编号；我接受身体与资源要承受额外压力。|敏>精:面对这段倒影，我选择赶找提交人复签。时机本身就是因果，迟到的正确无法挽回已经发生的损失；我接受这份决定无法让所有人心安。|感>力:真相常藏在不合常理的小处，细微异常也可能保存完整证词。因此我选择看时间戳为何串单；我接受暂不以强力终结争执。
长途任务的回程·规则照不到的地方|护送委托只付去程钱，终点到最近驿站还有一日步行，雇主说回程自理。在“长途任务的回程”映出的裂隙中，完成任务可以证明服从与能力，无法证明最初的命令就值得完成。当倒影被命名为“长途任务的回程”，知识揭开事实之后仍保持沉默，沉默便不再无辜。|体>精:我无愧于补回程水和食物保障这一选择。伤痛不会因目标正确便失去重量，具体生命必须先被接住；我接受这份决定无法让所有人心安。|精>力:我会向雇主说明队员顾虑。这份选择承认，沉默不等于同意，让当事人保有声音才使善意不至于越界；我接受暂不以强力终结争执。|力>智:我无愧于要求明确回程补助这一选择。伤害若不被明确拒绝，退让便会成为下一次伤害的许可；我接受这未必是计算中的最优解。|智>敏:我会列路线、时间与费用。这份选择承认，未经核实的确信只会让错误披上正义外衣，事实必须先于结论；我接受变通空间随之缩小。|敏>感:我无愧于查有无回程接驳这一选择。完美方案若永远停在准备中，便只是逃避行动的体面名字；我接受仍有隐情未被辨明。|感>体:我会看终点附近是否真无驿站。这份选择承认，真相常藏在不合常理的小处，细微异常也可能保存完整证词；我接受身体与资源要承受额外压力。
协作任务的无名者·怜悯与尊严|公会协作委托结算只列队长，实际还有陌生路人搬石救人；他不愿登记姓名。“协作任务的无名者”没有留下裁决，只让这一事实显露出来：承诺要求人抵达终点，也要求人在发现真相后重新承担继续前行的责任。透过“协作任务的无名者”，片段把被忽略之物推到眼前：多数人的安稳与一个人的不可替代在此相撞，数量无法独自证明正义。|体>敏:先让路人休息治疗。我看破了这一层：伤痛不会因目标正确便失去重量，具体生命必须先被接住；我接受错过最快的时机。|精>感:我接受某些细节会留在暗处。我仍选择尊重匿名并当众致谢，因为共同承担不是把代价摊薄，而是不让最沉默的人独自负重。|力>体:坚持有贡献就有奖励。我看破了这一层：无法两全时仍须有人署名定夺，责任不能被推给更弱者；我接受生存保障暂时后退。|智>精:我接受关系会留下裂痕。我仍选择用匿名编号记劳动量，因为眼前有效不等于长久正确，未被计算的后果终会从未来回来索债。|敏>力:赶送物资答谢，不追名。我看破了这一层：时机本身就是因果，迟到的正确无法挽回已经发生的损失；我接受放下强行定夺的权力。|感>智:我接受理性暂时得不到整齐答案。我仍选择核他具体帮了哪段，因为真相常藏在不合常理的小处，细微异常也可能保存完整证词。
今日委托与老约定·被推迟的后果|NPC答应陪一名冒险者完成今日委托，出门前收到家人病讯，委托再过一天失效。职责给予行动方向，却不能赦免一个人明知后果仍拒绝判断；这正是“今日委托与老约定”无法替任何人抹去的部分。过去不能重来，悔意的价值只能由此后愿意承担的行动证明；自“今日委托与老约定”发生以后，沉默也带有了方向。|体>力:所有宏大目标最终都要由会疲惫、会受伤的身体承担。因此我选择让他先照顾家人，任务放弃；我接受放下强行定夺的权力。|精>智:面对这段倒影，我选择告诉他无需为失约道歉。关系不是结果之后的装饰，被理解本身就是不可替代的需要；我接受理性暂时得不到整齐答案。|力>敏:无法两全时仍须有人署名定夺，责任不能被推给更弱者。因此我选择提出自己独立完成；我接受错过最快的时机。|智>感:面对这段倒影，我选择算可否延期或换人。未经核实的确信只会让错误披上正义外衣，事实必须先于结论；我接受某些细节会留在暗处。|敏>体:时机本身就是因果，迟到的正确无法挽回已经发生的损失。因此我选择立刻帮他赶去家里；我接受生存保障暂时后退。|感>精:面对这段倒影，我选择确认病讯是否准确。表面的安静不能证明没有伤害，未被看见的后果仍会找到承担者；我接受关系会留下裂痕。
上交还是留样·不可替代之物|调查魔物异化的委托要求把全部样本上交，医师请求留一点给受伤村民配解药。“上交还是留样”让旁观者无从退回无知，因为任务的成功条件十分清楚，真正模糊的是谁有资格把他人的命运写成条件。“上交还是留样”最终保存的不是答案，而是这项无法回避的事实：没有任何称号能替行动者免罪，职责、传统与命令最终都要落回具体选择。|体>感:我会先留解药所需，报告说明。这份选择承认，伤痛不会因目标正确便失去重量，具体生命必须先被接住；我接受直觉仍在发出相反提醒。|精>体:我无愧于征得公会和医师知情同意这一选择。共同承担不是把代价摊薄，而是不让最沉默的人独自负重；我接受眼前安稳不再优先。|力>精:我会坚持按委托全部上交。这份选择承认，无法两全时仍须有人署名定夺，责任不能被推给更弱者；我接受和解不会立刻到来。|智>力:我无愧于核最低研究与解药量这一选择。未经核实的确信只会让错误披上正义外衣，事实必须先于结论；我接受边界不能立刻建立。|敏>智:我会赶去再采一份。这份选择承认，时机本身就是因果，迟到的正确无法挽回已经发生的损失；我接受因果尚未完全查清。|感>敏:我无愧于辨样本是否能分割这一选择。真相常藏在不合常理的小处，细微异常也可能保存完整证词；我接受行动不得不慢下来。
